player_Marco-Etcheverry_Club	2003
player_Marco-Etcheverry_POS	2003
player_Marco-Etcheverry_GP	2003
player_Marco-Etcheverry_GS	2003
player_Marco-Etcheverry_A	2003
player_Marco-Etcheverry_GWA	2003
player_Marco-Etcheverry_HmA	2003
player_Marco-Etcheverry_RdA	2002
player_Marco-Etcheverry_A/90min	2003
player_Carlos-Valderrama_Club	2001
player_Carlos-Valderrama_POS	2002
player_Carlos-Valderrama_GP	2002
player_Carlos-Valderrama_GS	2002
player_Carlos-Valderrama_A	2002
player_Carlos-Valderrama_GWA	2002
player_Carlos-Valderrama_HmA	2002
player_Carlos-Valderrama_RdA	2002
player_Carlos-Valderrama_A/90min	2002
player_Eric-Wynalda_Club	2001
player_Eric-Wynalda_POS	2001
player_Eric-Wynalda_GP	2001
player_Eric-Wynalda_GS	2001
player_Eric-Wynalda_A	2001
player_Eric-Wynalda_GWA	2001
player_Eric-Wynalda_HmA	2001
player_Eric-Wynalda_RdA	2001
player_Eric-Wynalda_A/90min	2001
player_Preki_Club	2002
player_Preki_POS	2005
player_Preki_GP	2005
player_Preki_GS	2005
player_Preki_A	2005
player_Preki_GWA	2005
player_Preki_HmA	2005
player_Preki_RdA	2004
player_Preki_A/90min	2005
player_Robert-Warzycha_Club	2002
player_Robert-Warzycha_POS	2002
player_Robert-Warzycha_GP	2002
player_Robert-Warzycha_GS	2002
player_Robert-Warzycha_A	2001
player_Robert-Warzycha_GWA	2002
player_Robert-Warzycha_HmA	2002
player_Robert-Warzycha_RdA	2002
player_Robert-Warzycha_A/90min	2002
player_Mauricio-Cienfuegos_Club	2003
player_Mauricio-Cienfuegos_POS	2003
player_Mauricio-Cienfuegos_GP	2003
player_Mauricio-Cienfuegos_GS	2003
player_Mauricio-Cienfuegos_A	2003
player_Mauricio-Cienfuegos_GWA	2003
player_Mauricio-Cienfuegos_HmA	2003
player_Mauricio-Cienfuegos_RdA	2003
player_Mauricio-Cienfuegos_A/90min	2003
player_Adrian-Paz_Club	1997
player_Adrian-Paz_POS	1998
player_Adrian-Paz_GP	1998
player_Adrian-Paz_GS	1998
player_Adrian-Paz_A	1998
player_Adrian-Paz_GWA	1998
player_Adrian-Paz_HmA	1998
player_Adrian-Paz_RdA	1998
player_Adrian-Paz_A/90min	1998
player_Tab-Ramos_Club	2002
player_Tab-Ramos_POS	2002
player_Tab-Ramos_GP	2002
player_Tab-Ramos_GS	2002
player_Tab-Ramos_A	2002
player_Tab-Ramos_GWA	2002
player_Tab-Ramos_HmA	2002
player_Tab-Ramos_RdA	2001
player_Tab-Ramos_A/90min	2002
player_Mark-Chung_Club	2002
player_Mark-Chung_POS	2005
player_Mark-Chung_GP	2005
player_Mark-Chung_GS	2005
player_Mark-Chung_A	2005
player_Mark-Chung_GWA	2005
player_Mark-Chung_HmA	2005
player_Mark-Chung_RdA	2005
player_Mark-Chung_A/90min	2005
player_Roberto-Donadoni_Club	1997
player_Roberto-Donadoni_POS	1997
player_Roberto-Donadoni_GP	1997
player_Roberto-Donadoni_GS	1997
player_Roberto-Donadoni_A	1997
player_Roberto-Donadoni_GWA	1997
player_Roberto-Donadoni_HmA	1997
player_Roberto-Donadoni_RdA	1997
player_Roberto-Donadoni_A/90min	1997
player_Giuseppe-Galderisi_Club	1997
player_Giuseppe-Galderisi_POS	1997
player_Giuseppe-Galderisi_GP	1997
player_Giuseppe-Galderisi_GS	1997
player_Giuseppe-Galderisi_A	1997
player_Giuseppe-Galderisi_GWA	1997
player_Giuseppe-Galderisi_HmA	1997
player_Giuseppe-Galderisi_RdA	1997
player_Giuseppe-Galderisi_A/90min	1997
player_Tony-Sanneh_Club	2007
player_Tony-Sanneh_POS	2007
player_Tony-Sanneh_GP	2007
player_Tony-Sanneh_GS	2007
player_Tony-Sanneh_A	2007
player_Tony-Sanneh_GWA	2004
player_Tony-Sanneh_HmA	2007
player_Tony-Sanneh_RdA	2004
player_Tony-Sanneh_A/90min	2007
player_Billy-Thompson_Club	1999
player_Billy-Thompson_POS	1999
player_Billy-Thompson_GP	1999
player_Billy-Thompson_GS	1999
player_Billy-Thompson_A	1999
player_Billy-Thompson_GWA	1999
player_Billy-Thompson_HmA	1999
player_Billy-Thompson_RdA	1999
player_Billy-Thompson_A/90min	1999
player_Ben-Iroha_Club	1997
player_Ben-Iroha_POS	1997
player_Ben-Iroha_GP	1997
player_Ben-Iroha_GS	1997
player_Ben-Iroha_A	1997
player_Ben-Iroha_GWA	1997
player_Ben-Iroha_HmA	1997
player_Ben-Iroha_RdA	1997
player_Ben-Iroha_A/90min	1997
player_John-Harkes_Club	2001
player_John-Harkes_POS	2002
player_John-Harkes_GP	2002
player_John-Harkes_GS	2002
player_John-Harkes_A	2002
player_John-Harkes_GWA	2002
player_John-Harkes_HmA	2001
player_John-Harkes_RdA	2002
player_John-Harkes_A/90min	2002
player_Chris-Henderson_Club	2006
player_Chris-Henderson_POS	2006
player_Chris-Henderson_GP	2006
player_Chris-Henderson_GS	2004
player_Chris-Henderson_A	2006
player_Chris-Henderson_GWA	2006
player_Chris-Henderson_HmA	2006
player_Chris-Henderson_RdA	2006
player_Chris-Henderson_A/90min	2006
player_Gerell-Elliott_Club	1998
player_Gerell-Elliott_POS	1998
player_Gerell-Elliott_GP	1998
player_Gerell-Elliott_GS	1998
player_Gerell-Elliott_A	1998
player_Gerell-Elliott_GWA	1997
player_Gerell-Elliott_HmA	1998
player_Gerell-Elliott_RdA	1998
player_Gerell-Elliott_A/90min	1998
player_Alberto-Naveda_Club	1997
player_Alberto-Naveda_POS	1997
player_Alberto-Naveda_GP	1997
player_Alberto-Naveda_GS	1997
player_Alberto-Naveda_A	1997
player_Alberto-Naveda_GWA	1997
player_Alberto-Naveda_HmA	1997
player_Alberto-Naveda_RdA	1997
player_Alberto-Naveda_A/90min	1997
player_Vitalis-Takawira_Club	1999
player_Vitalis-Takawira_POS	1999
player_Vitalis-Takawira_GP	1999
player_Vitalis-Takawira_GS	1999
player_Vitalis-Takawira_A	1999
player_Vitalis-Takawira_GWA	1999
player_Vitalis-Takawira_HmA	1998
player_Vitalis-Takawira_RdA	1999
player_Vitalis-Takawira_A/90min	1999
player_Shaun-Bartlett_Club	1997
player_Shaun-Bartlett_POS	1997
player_Shaun-Bartlett_GP	1997
player_Shaun-Bartlett_GS	1997
player_Shaun-Bartlett_A	1997
player_Shaun-Bartlett_GWA	1997
player_Shaun-Bartlett_HmA	1997
player_Shaun-Bartlett_RdA	1997
player_Shaun-Bartlett_A/90min	1997
player_Eduardo-Hurtado_Club	2000
player_Eduardo-Hurtado_POS	2000
player_Eduardo-Hurtado_GP	2000
player_Eduardo-Hurtado_GS	2000
player_Eduardo-Hurtado_A	2000
player_Eduardo-Hurtado_GWA	2000
player_Eduardo-Hurtado_HmA	2000
player_Eduardo-Hurtado_RdA	2000
player_Eduardo-Hurtado_A/90min	2000
player_Diego-Sonora_Club	2001
player_Diego-Sonora_POS	2001
player_Diego-Sonora_GP	2001
player_Diego-Sonora_GS	2001
player_Diego-Sonora_A	2001
player_Diego-Sonora_GWA	1999
player_Diego-Sonora_HmA	2001
player_Diego-Sonora_RdA	2001
player_Diego-Sonora_A/90min	2001
player_Roy-Wegerle_Club	1998
player_Roy-Wegerle_POS	1998
player_Roy-Wegerle_GP	1998
player_Roy-Wegerle_GS	1998
player_Roy-Wegerle_A	1998
player_Roy-Wegerle_GWA	1997
player_Roy-Wegerle_HmA	1998
player_Roy-Wegerle_RdA	1998
player_Roy-Wegerle_A/90min	1998
player_Ted-Eck_Club	2001
player_Ted-Eck_POS	2001
player_Ted-Eck_GP	2001
player_Ted-Eck_GS	2001
player_Ted-Eck_A	2001
player_Ted-Eck_GWA	2001
player_Ted-Eck_HmA	2001
player_Ted-Eck_RdA	2001
player_Ted-Eck_A/90min	2001
player_Welton_Club	2000
player_Welton_POS	2000
player_Welton_GP	2000
player_Welton_GS	2000
player_Welton_A	1999
player_Welton_GWA	1999
player_Welton_HmA	2000
player_Welton_RdA	2000
player_Welton_A/90min	2000
player_Mike-Sorber_Club	2000
player_Mike-Sorber_POS	2000
player_Mike-Sorber_GP	2000
player_Mike-Sorber_GS	2000
player_Mike-Sorber_A	2000
player_Mike-Sorber_GWA	2000
player_Mike-Sorber_HmA	2000
player_Mike-Sorber_RdA	2000
player_Mike-Sorber_A/90min	2000
player_Ivan-McKinley_Club	2002
player_Ivan-McKinley_POS	2002
player_Ivan-McKinley_GP	2002
player_Ivan-McKinley_GS	2002
player_Ivan-McKinley_A	2001
player_Ivan-McKinley_GWA	2001
player_Ivan-McKinley_HmA	2001
player_Ivan-McKinley_RdA	1999
player_Ivan-McKinley_A/90min	2002
player_Steve-Pittman_Club	1997
player_Steve-Pittman_POS	1997
player_Steve-Pittman_GP	1997
player_Steve-Pittman_GS	1997
player_Steve-Pittman_A	1997
player_Steve-Pittman_GWA	1997
player_Steve-Pittman_HmA	1997
player_Steve-Pittman_RdA	1997
player_Steve-Pittman_A/90min	1997
player_John-Doyle_Club	2000
player_John-Doyle_POS	2000
player_John-Doyle_GP	2000
player_John-Doyle_GS	2000
player_John-Doyle_A	2000
player_John-Doyle_GWA	1998
player_John-Doyle_HmA	2000
player_John-Doyle_RdA	2000
player_John-Doyle_A/90min	2000
player_Martin-Vasquez_Club	1998
player_Martin-Vasquez_POS	1998
player_Martin-Vasquez_GP	1997
player_Martin-Vasquez_GS	1998
player_Martin-Vasquez_A	1998
player_Martin-Vasquez_GWA	1998
player_Martin-Vasquez_HmA	1997
player_Martin-Vasquez_RdA	1998
player_Martin-Vasquez_A/90min	1998
player_Darren-Sawatzky_Club	1999
player_Darren-Sawatzky_POS	1999
player_Darren-Sawatzky_GP	1999
player_Darren-Sawatzky_GS	1999
player_Darren-Sawatzky_A	1997
player_Darren-Sawatzky_GWA	1997
player_Darren-Sawatzky_HmA	1997
player_Darren-Sawatzky_RdA	1997
player_Darren-Sawatzky_A/90min	1997
player_Leonel-Alvarez_Club	2000
player_Leonel-Alvarez_POS	2001
player_Leonel-Alvarez_GP	2001
player_Leonel-Alvarez_GS	2001
player_Leonel-Alvarez_A	2001
player_Leonel-Alvarez_GWA	2001
player_Leonel-Alvarez_HmA	2000
player_Leonel-Alvarez_RdA	2001
player_Leonel-Alvarez_A/90min	2001
player_Eduardo-Espinoza_Club	1996
player_Eduardo-Espinoza_POS	1996
player_Eduardo-Espinoza_GP	1996
player_Eduardo-Espinoza_GS	1996
player_Eduardo-Espinoza_A	1996
player_Eduardo-Espinoza_GWA	1996
player_Eduardo-Espinoza_HmA	1996
player_Eduardo-Espinoza_RdA	1996
player_Eduardo-Espinoza_A/90min	1996
player_Jason-Kreis_Club	2005
player_Jason-Kreis_POS	2007
player_Jason-Kreis_GP	2007
player_Jason-Kreis_GS	2007
player_Jason-Kreis_A	2007
player_Jason-Kreis_GWA	2007
player_Jason-Kreis_HmA	2007
player_Jason-Kreis_RdA	2007
player_Jason-Kreis_A/90min	2007
player_Richie-Williams_Club	2003
player_Richie-Williams_POS	2003
player_Richie-Williams_GP	2002
player_Richie-Williams_GS	2003
player_Richie-Williams_A	2003
player_Richie-Williams_GWA	2003
player_Richie-Williams_HmA	2003
player_Richie-Williams_RdA	2002
player_Richie-Williams_A/90min	2003
player_Paul-Bravo_Club	1997
player_Paul-Bravo_POS	2001
player_Paul-Bravo_GP	2001
player_Paul-Bravo_GS	2001
player_Paul-Bravo_A	2001
player_Paul-Bravo_GWA	2001
player_Paul-Bravo_HmA	2001
player_Paul-Bravo_RdA	2001
player_Paul-Bravo_A/90min	2001
player_Jeff-Agoos_Club	2005
player_Jeff-Agoos_POS	2005
player_Jeff-Agoos_GP	2005
player_Jeff-Agoos_GS	2005
player_Jeff-Agoos_A	2005
player_Jeff-Agoos_GWA	2001
player_Jeff-Agoos_HmA	2005
player_Jeff-Agoos_RdA	2005
player_Jeff-Agoos_A/90min	2005
player_Scott-Benedetti_Club	1997
player_Scott-Benedetti_POS	1997
player_Scott-Benedetti_GP	1997
player_Scott-Benedetti_GS	1997
player_Scott-Benedetti_A	1997
player_Scott-Benedetti_GWA	1997
player_Scott-Benedetti_HmA	1997
player_Scott-Benedetti_RdA	1997
player_Scott-Benedetti_A/90min	1997
player_Guillermo-Jara_Club	1999
player_Guillermo-Jara_POS	1999
player_Guillermo-Jara_GP	1999
player_Guillermo-Jara_GS	1998
player_Guillermo-Jara_A	1999
player_Guillermo-Jara_GWA	1999
player_Guillermo-Jara_HmA	1999
player_Guillermo-Jara_RdA	1998
player_Guillermo-Jara_A/90min	1999
player_Frank-Klopas_Club	1998
player_Frank-Klopas_POS	1999
player_Frank-Klopas_GP	1999
player_Frank-Klopas_GS	1999
player_Frank-Klopas_A	1999
player_Frank-Klopas_GWA	1999
player_Frank-Klopas_HmA	1998
player_Frank-Klopas_RdA	1999
player_Frank-Klopas_A/90min	1999
player_John-DeBrito_Club	1999
player_John-DeBrito_POS	2001
player_John-DeBrito_GP	2001
player_John-DeBrito_GS	2001
player_John-DeBrito_A	2001
player_John-DeBrito_GWA	2000
player_John-DeBrito_HmA	2001
player_John-DeBrito_RdA	1997
player_John-DeBrito_A/90min	2001
player_Pete-Marino_Club	2001
player_Pete-Marino_POS	2001
player_Pete-Marino_GP	2001
player_Pete-Marino_GS	2001
player_Pete-Marino_A	1998
player_Pete-Marino_GWA	1998
player_Pete-Marino_HmA	1998
player_Pete-Marino_RdA	1998
player_Pete-Marino_A/90min	1998
player_Miles-Joseph_Club	2001
player_Miles-Joseph_POS	2001
player_Miles-Joseph_GP	2001
player_Miles-Joseph_GS	2001
player_Miles-Joseph_A	2000
player_Miles-Joseph_GWA	2000
player_Miles-Joseph_HmA	2000
player_Miles-Joseph_RdA	2000
player_Miles-Joseph_A/90min	2001
player_Diego-Gutierrez_Club	2006
player_Diego-Gutierrez_POS	2007
player_Diego-Gutierrez_GP	2007
player_Diego-Gutierrez_GS	2007
player_Diego-Gutierrez_A	2007
player_Diego-Gutierrez_GWA	2003
player_Diego-Gutierrez_HmA	2007
player_Diego-Gutierrez_RdA	2005
player_Diego-Gutierrez_A/90min	2007
player_Jean-Harbor_Club	1996
player_Jean-Harbor_POS	1996
player_Jean-Harbor_GP	1996
player_Jean-Harbor_GS	1996
player_Jean-Harbor_A	1996
player_Jean-Harbor_GWA	1996
player_Jean-Harbor_HmA	1996
player_Jean-Harbor_RdA	1996
player_Jean-Harbor_A/90min	1996
player_Cobi-Jones_Club	2007
player_Cobi-Jones_POS	2007
player_Cobi-Jones_GP	2007
player_Cobi-Jones_GS	2007
player_Cobi-Jones_A	2007
player_Cobi-Jones_GWA	2007
player_Cobi-Jones_HmA	2006
player_Cobi-Jones_RdA	2007
player_Cobi-Jones_A/90min	2007
player_Roy-Lassiter_Club	2002
player_Roy-Lassiter_POS	2002
player_Roy-Lassiter_GP	2002
player_Roy-Lassiter_GS	2002
player_Roy-Lassiter_A	2002
player_Roy-Lassiter_GWA	2001
player_Roy-Lassiter_HmA	2002
player_Roy-Lassiter_RdA	2001
player_Roy-Lassiter_A/90min	2002
player_Paul-Wright_Club	1999
player_Paul-Wright_POS	1999
player_Paul-Wright_GP	1999
player_Paul-Wright_GS	1999
player_Paul-Wright_A	1999
player_Paul-Wright_GWA	1999
player_Paul-Wright_HmA	1999
player_Paul-Wright_RdA	1999
player_Paul-Wright_A/90min	1999
player_Jaime-Moreno_Club	2004
player_Jaime-Moreno_POS	2007
player_Jaime-Moreno_GP	2007
player_Jaime-Moreno_GS	2007
player_Jaime-Moreno_A	2007
player_Jaime-Moreno_GWA	2007
player_Jaime-Moreno_HmA	2007
player_Jaime-Moreno_RdA	2007
player_Jaime-Moreno_A/90min	2007
player_Kris-Kelderman_Club	1999
player_Kris-Kelderman_POS	1999
player_Kris-Kelderman_GP	1999
player_Kris-Kelderman_GS	1999
player_Kris-Kelderman_A	1999
player_Kris-Kelderman_GWA	1999
player_Kris-Kelderman_HmA	1999
player_Kris-Kelderman_RdA	1999
player_Kris-Kelderman_A/90min	1999
player_Ruben-Hernandez_Club	1996
player_Ruben-Hernandez_POS	1996
player_Ruben-Hernandez_GP	1996
player_Ruben-Hernandez_GS	1996
player_Ruben-Hernandez_A	1996
player_Ruben-Hernandez_GWA	1996
player_Ruben-Hernandez_HmA	1996
player_Ruben-Hernandez_RdA	1996
player_Ruben-Hernandez_A/90min	1996
player_Rob-Johnson_Club	1999
player_Rob-Johnson_POS	1999
player_Rob-Johnson_GP	1999
player_Rob-Johnson_GS	1997
player_Rob-Johnson_A	1997
player_Rob-Johnson_GWA	1997
player_Rob-Johnson_HmA	1997
player_Rob-Johnson_RdA	1997
player_Rob-Johnson_A/90min	1997
player_Eddie-Lewis_Club	1999
player_Eddie-Lewis_POS	1999
player_Eddie-Lewis_GP	1999
player_Eddie-Lewis_GS	1999
player_Eddie-Lewis_A	1999
player_Eddie-Lewis_GWA	1999
player_Eddie-Lewis_HmA	1999
player_Eddie-Lewis_RdA	1999
player_Eddie-Lewis_A/90min	1999
player_Evans-Wise_Club	1997
player_Evans-Wise_POS	1998
player_Evans-Wise_GP	1998
player_Evans-Wise_GS	1998
player_Evans-Wise_A	1998
player_Evans-Wise_GWA	1998
player_Evans-Wise_HmA	1997
player_Evans-Wise_RdA	1998
player_Evans-Wise_A/90min	1998
player_Peter-Woodring_Club	1996
player_Peter-Woodring_POS	1996
player_Peter-Woodring_GP	1996
player_Peter-Woodring_GS	1996
player_Peter-Woodring_A	1996
player_Peter-Woodring_GWA	1996
player_Peter-Woodring_HmA	1996
player_Peter-Woodring_RdA	1996
player_Peter-Woodring_A/90min	1996
player_Steve-Rammel_Club	1997
player_Steve-Rammel_POS	1997
player_Steve-Rammel_GP	1997
player_Steve-Rammel_GS	1997
player_Steve-Rammel_A	1997
player_Steve-Rammel_GWA	1997
player_Steve-Rammel_HmA	1997
player_Steve-Rammel_RdA	1997
player_Steve-Rammel_A/90min	1997
player_Hugo-Sanchez_Club	1996
player_Hugo-Sanchez_POS	1996
player_Hugo-Sanchez_GP	1996
player_Hugo-Sanchez_GS	1996
player_Hugo-Sanchez_A	1996
player_Hugo-Sanchez_GWA	1996
player_Hugo-Sanchez_HmA	1996
player_Hugo-Sanchez_RdA	1996
player_Hugo-Sanchez_A/90min	1996
player_Jorge-Rodas_Club	1996
player_Jorge-Rodas_POS	1996
player_Jorge-Rodas_GP	1996
player_Jorge-Rodas_GS	1996
player_Jorge-Rodas_A	1996
player_Jorge-Rodas_GWA	1996
player_Jorge-Rodas_HmA	1996
player_Jorge-Rodas_RdA	1996
player_Jorge-Rodas_A/90min	1996
player_Paul-Keegan_Club	2000
player_Paul-Keegan_POS	2000
player_Paul-Keegan_GP	2000
player_Paul-Keegan_GS	2000
player_Paul-Keegan_A	1999
player_Paul-Keegan_GWA	1999
player_Paul-Keegan_HmA	1998
player_Paul-Keegan_RdA	1999
player_Paul-Keegan_A/90min	2000
player_Mario-Gori_Club	1999
player_Mario-Gori_POS	1999
player_Mario-Gori_GP	1999
player_Mario-Gori_GS	1999
player_Mario-Gori_A	1999
player_Mario-Gori_GWA	1997
player_Mario-Gori_HmA	1999
player_Mario-Gori_RdA	1997
player_Mario-Gori_A/90min	1999
player_Brian-Haynes_Club	2000
player_Brian-Haynes_POS	2000
player_Brian-Haynes_GP	2000
player_Brian-Haynes_GS	2000
player_Brian-Haynes_A	2000
player_Brian-Haynes_GWA	2000
player_Brian-Haynes_HmA	2000
player_Brian-Haynes_RdA	2000
player_Brian-Haynes_A/90min	2000
player_Troy-Dayak_Club	2005
player_Troy-Dayak_POS	2005
player_Troy-Dayak_GP	2005
player_Troy-Dayak_GS	2005
player_Troy-Dayak_A	2003
player_Troy-Dayak_GWA	2003
player_Troy-Dayak_HmA	1997
player_Troy-Dayak_RdA	2003
player_Troy-Dayak_A/90min	2003
player_Brian-McBride_Club	2003
player_Brian-McBride_POS	2003
player_Brian-McBride_GP	2003
player_Brian-McBride_GS	2003
player_Brian-McBride_A	2003
player_Brian-McBride_GWA	2003
player_Brian-McBride_HmA	2002
player_Brian-McBride_RdA	2003
player_Brian-McBride_A/90min	2003
player_Cle-Kooiman_Club	1998
player_Cle-Kooiman_POS	1998
player_Cle-Kooiman_GP	1998
player_Cle-Kooiman_GS	1998
player_Cle-Kooiman_A	1998
player_Cle-Kooiman_GWA	1998
player_Cle-Kooiman_HmA	1997
player_Cle-Kooiman_RdA	1998
player_Cle-Kooiman_A/90min	1998
player_Geoff-Aunger_Club	2001
player_Geoff-Aunger_POS	2001
player_Geoff-Aunger_GP	2001
player_Geoff-Aunger_GS	2001
player_Geoff-Aunger_A	2001
player_Geoff-Aunger_GWA	2001
player_Geoff-Aunger_HmA	2001
player_Geoff-Aunger_RdA	2001
player_Geoff-Aunger_A/90min	2001
player_Maurice-Johnston_Club	2000
player_Maurice-Johnston_POS	2000
player_Maurice-Johnston_GP	2000
player_Maurice-Johnston_GS	2000
player_Maurice-Johnston_A	2000
player_Maurice-Johnston_GWA	2000
player_Maurice-Johnston_HmA	2000
player_Maurice-Johnston_RdA	1999
player_Maurice-Johnston_A/90min	2000
player_Sean-Bowers_Club	1999
player_Sean-Bowers_POS	1999
player_Sean-Bowers_GP	1999
player_Sean-Bowers_GS	1999
player_Sean-Bowers_A	1999
player_Sean-Bowers_GWA	1997
player_Sean-Bowers_HmA	1997
player_Sean-Bowers_RdA	1999
player_Sean-Bowers_A/90min	1999
player_Felipe-Rodriguez_Club	1996
player_Felipe-Rodriguez_POS	1996
player_Felipe-Rodriguez_GP	1996
player_Felipe-Rodriguez_GS	1996
player_Felipe-Rodriguez_A	1996
player_Felipe-Rodriguez_GWA	1996
player_Felipe-Rodriguez_HmA	1996
player_Felipe-Rodriguez_RdA	1996
player_Felipe-Rodriguez_A/90min	1996
player_Eric-Eichmann_Club	1996
player_Eric-Eichmann_POS	1996
player_Eric-Eichmann_GP	1996
player_Eric-Eichmann_GS	1996
player_Eric-Eichmann_A	1996
player_Eric-Eichmann_GWA	1996
player_Eric-Eichmann_HmA	1996
player_Eric-Eichmann_RdA	1996
player_Eric-Eichmann_A/90min	1996
player_Manny-Lagos_Club	2004
player_Manny-Lagos_POS	2005
player_Manny-Lagos_GP	2005
player_Manny-Lagos_GS	2005
player_Manny-Lagos_A	2005
player_Manny-Lagos_GWA	2004
player_Manny-Lagos_HmA	2005
player_Manny-Lagos_RdA	2004
player_Manny-Lagos_A/90min	2005
player_Victor-Mella_Club	1998
player_Victor-Mella_POS	1998
player_Victor-Mella_GP	1998
player_Victor-Mella_GS	1998
player_Victor-Mella_A	1998
player_Victor-Mella_GWA	1998
player_Victor-Mella_HmA	1998
player_Victor-Mella_RdA	1998
player_Victor-Mella_A/90min	1998
player_Antony-De-Avila_Club	1997
player_Antony-De-Avila_POS	1997
player_Antony-De-Avila_GP	1997
player_Antony-De-Avila_GS	1997
player_Antony-De-Avila_A	1997
player_Antony-De-Avila_GWA	1997
player_Antony-De-Avila_HmA	1997
player_Antony-De-Avila_RdA	1997
player_Antony-De-Avila_A/90min	1997
player_Richard-Sharpe_Club	1996
player_Richard-Sharpe_POS	1996
player_Richard-Sharpe_GP	1996
player_Richard-Sharpe_GS	1996
player_Richard-Sharpe_A	1996
player_Richard-Sharpe_GWA	1996
player_Richard-Sharpe_HmA	1996
player_Richard-Sharpe_RdA	1996
player_Richard-Sharpe_A/90min	1996
player_John-Maessner_Club	2001
player_John-Maessner_POS	2001
player_John-Maessner_GP	1999
player_John-Maessner_GS	2000
player_John-Maessner_A	2000
player_John-Maessner_GWA	1999
player_John-Maessner_HmA	2001
player_John-Maessner_RdA	2001
player_John-Maessner_A/90min	2001
player_Frankie-Hejduk_Club	2003
player_Frankie-Hejduk_POS	2007
player_Frankie-Hejduk_GP	2007
player_Frankie-Hejduk_GS	2007
player_Frankie-Hejduk_A	2007
player_Frankie-Hejduk_GWA	2007
player_Frankie-Hejduk_HmA	2007
player_Frankie-Hejduk_RdA	2007
player_Frankie-Hejduk_A/90min	2007
player_Imad-Baba_Club	2001
player_Imad-Baba_POS	2002
player_Imad-Baba_GP	2002
player_Imad-Baba_GS	2002
player_Imad-Baba_A	2002
player_Imad-Baba_GWA	2001
player_Imad-Baba_HmA	2002
player_Imad-Baba_RdA	2002
player_Imad-Baba_A/90min	2002
player_Washington-Rodriguez_Club	1996
player_Washington-Rodriguez_POS	1996
player_Washington-Rodriguez_GP	1996
player_Washington-Rodriguez_GS	1996
player_Washington-Rodriguez_A	1996
player_Washington-Rodriguez_GWA	1996
player_Washington-Rodriguez_HmA	1996
player_Washington-Rodriguez_RdA	1996
player_Washington-Rodriguez_A/90min	1996
player_Arash-Noamouz_Club	1996
player_Arash-Noamouz_POS	1996
player_Arash-Noamouz_GP	1996
player_Arash-Noamouz_GS	1996
player_Arash-Noamouz_A	1996
player_Arash-Noamouz_GWA	1996
player_Arash-Noamouz_HmA	1996
player_Arash-Noamouz_RdA	1996
player_Arash-Noamouz_A/90min	1996
player_Jose-Vasquez_Club	1999
player_Jose-Vasquez_POS	1999
player_Jose-Vasquez_GP	1999
player_Jose-Vasquez_GS	1999
player_Jose-Vasquez_A	1997
player_Jose-Vasquez_GWA	1997
player_Jose-Vasquez_HmA	1997
player_Jose-Vasquez_RdA	1997
player_Jose-Vasquez_A/90min	1997
player_A.J.-Wood_Club	1998
player_A.J.-Wood_POS	2001
player_A.J.-Wood_GP	2001
player_A.J.-Wood_GS	2001
player_A.J.-Wood_A	2001
player_A.J.-Wood_GWA	2001
player_A.J.-Wood_HmA	2001
player_A.J.-Wood_RdA	2001
player_A.J.-Wood_A/90min	2001
player_Brian-Maisonneuve_Club	2004
player_Brian-Maisonneuve_POS	2004
player_Brian-Maisonneuve_GP	2004
player_Brian-Maisonneuve_GS	2004
player_Brian-Maisonneuve_A	2003
player_Brian-Maisonneuve_GWA	2003
player_Brian-Maisonneuve_HmA	2003
player_Brian-Maisonneuve_RdA	2003
player_Brian-Maisonneuve_A/90min	2003
player_Todd-Yeagley_Club	2002
player_Todd-Yeagley_POS	2002
player_Todd-Yeagley_GP	2002
player_Todd-Yeagley_GS	2002
player_Todd-Yeagley_A	1999
player_Todd-Yeagley_GWA	2001
player_Todd-Yeagley_HmA	2001
player_Todd-Yeagley_RdA	2001
player_Todd-Yeagley_A/90min	2002
player_Ricardo-Iribarren_Club	2000
player_Ricardo-Iribarren_POS	2000
player_Ricardo-Iribarren_GP	2000
player_Ricardo-Iribarren_GS	2000
player_Ricardo-Iribarren_A	2000
player_Ricardo-Iribarren_GWA	1998
player_Ricardo-Iribarren_HmA	2000
player_Ricardo-Iribarren_RdA	2000
player_Ricardo-Iribarren_A/90min	2000
player_Marcelo-Carrera_Club	1998
player_Marcelo-Carrera_POS	1998
player_Marcelo-Carrera_GP	1998
player_Marcelo-Carrera_GS	1998
player_Marcelo-Carrera_A	1998
player_Marcelo-Carrera_GWA	1998
player_Marcelo-Carrera_HmA	1998
player_Marcelo-Carrera_RdA	1997
player_Marcelo-Carrera_A/90min	1998
player_John-Kerr_Club	1997
player_John-Kerr_POS	1999
player_John-Kerr_GP	1999
player_John-Kerr_GS	1999
player_John-Kerr_A	1999
player_John-Kerr_GWA	1997
player_John-Kerr_HmA	1999
player_John-Kerr_RdA	1999
player_John-Kerr_A/90min	1999
player_Goran-Hunjak_Club	1998
player_Goran-Hunjak_POS	1998
player_Goran-Hunjak_GP	1998
player_Goran-Hunjak_GS	1998
player_Goran-Hunjak_A	1998
player_Goran-Hunjak_GWA	1998
player_Goran-Hunjak_HmA	1998
player_Goran-Hunjak_RdA	1998
player_Goran-Hunjak_A/90min	1998
player_Marcelo-Balboa_Club	2002
player_Marcelo-Balboa_POS	2002
player_Marcelo-Balboa_GP	2002
player_Marcelo-Balboa_GS	2002
player_Marcelo-Balboa_A	2002
player_Marcelo-Balboa_GWA	2001
player_Marcelo-Balboa_HmA	2002
player_Marcelo-Balboa_RdA	2002
player_Marcelo-Balboa_A/90min	2002
player_Kevin-Wylie_Club	1997
player_Kevin-Wylie_POS	1997
player_Kevin-Wylie_GP	1997
player_Kevin-Wylie_GS	1997
player_Kevin-Wylie_A	1997
player_Kevin-Wylie_GWA	1997
player_Kevin-Wylie_HmA	1997
player_Kevin-Wylie_RdA	1997
player_Kevin-Wylie_A/90min	1997
player_Paul-Caligiuri_Club	1997
player_Paul-Caligiuri_POS	2001
player_Paul-Caligiuri_GP	2001
player_Paul-Caligiuri_GS	2001
player_Paul-Caligiuri_A	2000
player_Paul-Caligiuri_GWA	2001
player_Paul-Caligiuri_HmA	2001
player_Paul-Caligiuri_RdA	2001
player_Paul-Caligiuri_A/90min	2001
player_Doctor-Khumalo_Club	1997
player_Doctor-Khumalo_POS	1997
player_Doctor-Khumalo_GP	1997
player_Doctor-Khumalo_GS	1997
player_Doctor-Khumalo_A	1997
player_Doctor-Khumalo_GWA	1997
player_Doctor-Khumalo_HmA	1997
player_Doctor-Khumalo_RdA	1997
player_Doctor-Khumalo_A/90min	1997
player_Raul-Diaz-Arce_Club	2001
player_Raul-Diaz-Arce_POS	2001
player_Raul-Diaz-Arce_GP	2001
player_Raul-Diaz-Arce_GS	2001
player_Raul-Diaz-Arce_A	2001
player_Raul-Diaz-Arce_GWA	2001
player_Raul-Diaz-Arce_HmA	2001
player_Raul-Diaz-Arce_RdA	2001
player_Raul-Diaz-Arce_A/90min	2001
player_Mark-Semioli_Club	1998
player_Mark-Semioli_POS	2001
player_Mark-Semioli_GP	2001
player_Mark-Semioli_GS	2001
player_Mark-Semioli_A	1998
player_Mark-Semioli_GWA	2001
player_Mark-Semioli_HmA	1997
player_Mark-Semioli_RdA	1998
player_Mark-Semioli_A/90min	1998
player_Michael-Emenalo_Club	1997
player_Michael-Emenalo_POS	1997
player_Michael-Emenalo_GP	1997
player_Michael-Emenalo_GS	1997
player_Michael-Emenalo_A	1997
player_Michael-Emenalo_GWA	1997
player_Michael-Emenalo_HmA	1997
player_Michael-Emenalo_RdA	1997
player_Michael-Emenalo_A/90min	1997
player_Mark-Santel_Club	2001
player_Mark-Santel_POS	2001
player_Mark-Santel_GP	2001
player_Mark-Santel_GS	2001
player_Mark-Santel_A	2001
player_Mark-Santel_GWA	2001
player_Mark-Santel_HmA	2001
player_Mark-Santel_RdA	2001
player_Mark-Santel_A/90min	2001
player_Steve-Ralston_Club	2002
player_Steve-Ralston_POS	2007
player_Steve-Ralston_GP	2007
player_Steve-Ralston_GS	2007
player_Steve-Ralston_A	2007
player_Steve-Ralston_GWA	2007
player_Steve-Ralston_HmA	2007
player_Steve-Ralston_RdA	2007
player_Steve-Ralston_A/90min	2007
player_Steve-Trittschuh_Club	2000
player_Steve-Trittschuh_POS	2001
player_Steve-Trittschuh_GP	2001
player_Steve-Trittschuh_GS	2001
player_Steve-Trittschuh_A	2001
player_Steve-Trittschuh_GWA	2000
player_Steve-Trittschuh_HmA	2001
player_Steve-Trittschuh_RdA	2001
player_Steve-Trittschuh_A/90min	2001
player_Obi-Monome_Club	1996
player_Obi-Monome_POS	1996
player_Obi-Monome_GP	1996
player_Obi-Monome_GS	1996
player_Obi-Monome_A	1996
player_Obi-Monome_GWA	1996
player_Obi-Monome_HmA	1996
player_Obi-Monome_RdA	1996
player_Obi-Monome_A/90min	1996
player_Andrew-Shue_Club	1996
player_Andrew-Shue_POS	1996
player_Andrew-Shue_GP	1996
player_Andrew-Shue_GS	1996
player_Andrew-Shue_A	1996
player_Andrew-Shue_GWA	1996
player_Andrew-Shue_HmA	1996
player_Andrew-Shue_RdA	1996
player_Andrew-Shue_A/90min	1996
player_Todd-Miller_Club	1997
player_Todd-Miller_POS	1997
player_Todd-Miller_GP	1997
player_Todd-Miller_GS	1997
player_Todd-Miller_A	1997
player_Todd-Miller_GWA	1997
player_Todd-Miller_HmA	1997
player_Todd-Miller_RdA	1997
player_Todd-Miller_A/90min	1997
player_Petter-Villegas_Club	2002
player_Petter-Villegas_POS	2002
player_Petter-Villegas_GP	2002
player_Petter-Villegas_GS	2002
player_Petter-Villegas_A	2002
player_Petter-Villegas_GWA	2002
player_Petter-Villegas_HmA	2002
player_Petter-Villegas_RdA	2002
player_Petter-Villegas_A/90min	2002
