"","Name","Cohort"
"1","Guillermo Jara","West Coast Golden Substitute"
"2","Eric Wynalda","West Coast Golden Substitute"
"3","Christopher Sullivan","West Coast Golden Substitute"
"4","Ross Paule","West Coast Golden Substitute"
"5","Welton","West Coast Golden Substitute"
"6","Francisco Uribe","West Coast Golden Substitute"
"7","Wellington Sanchez","West Coast Golden Substitute"
"8","Joe Franchino","West Coast Golden Substitute"
"9","Wolde Harris","West Coast Golden Substitute"
"10","Brian Sebapole","West Coast Golden Substitute"
"11","Marquinho","West Coast Golden Substitute"
"12","Jason Boyce","West Coast Golden Substitute"
"13","Shawn Medved","West Coast Golden Substitute"
"14","Scott Bower","West Coast Golden Substitute"
"15","Anders Limpar","West Coast Golden Substitute"
"16","Matt Okoh","West Coast Golden Substitute"
"17","Joey DiGiamarino","West Coast Golden Substitute"
"18","Raul Diaz Arce","West Coast Golden Substitute"
"19","Dwayne De Rosario","West Coast Golden Substitute"
"20","Chris Carrieri","West Coast Golden Substitute"
"21","Junior Agogo","West Coast Golden Substitute"
"22","Luis Hernandez","West Coast Golden Substitute"
"23","Raul Palacios","West Coast Golden Substitute"
"24","Gavin Glinton","West Coast Golden Substitute"
"25","Alberto Delgado","West Coast Golden Substitute"
"26","Ned Grabavoy","West Coast Golden Substitute"
"27","Brian Ching","West Coast Golden Substitute"
"28","Ednaldo da Conceicao","West Coast Golden Substitute"
"29","Josh Gardner","West Coast Golden Substitute"
"30","Ramon Nunez","West Coast Golden Substitute"
"31","Conor Casey","West Coast Golden Substitute"
"32","Andy Williams","West Coast Golden Substitute"
"33","Eric Wynalda","West Coast Non Golden Substitute"
"34","Mauricio Cienfuegos","West Coast Non Golden Substitute"
"35","Ben Iroha","West Coast Non Golden Substitute"
"36","Chris Henderson","West Coast Non Golden Substitute"
"37","Shaun Bartlett","West Coast Non Golden Substitute"
"38","Eduardo Hurtado","West Coast Non Golden Substitute"
"39","Roy Wegerle","West Coast Non Golden Substitute"
"40","Eduardo Espinoza","West Coast Non Golden Substitute"
"41","Paul Bravo","West Coast Non Golden Substitute"
"42","Scott Benedetti","West Coast Non Golden Substitute"
"43","Jean Harbor","West Coast Non Golden Substitute"
"44","Cobi Jones","West Coast Non Golden Substitute"
"45","Eddie Lewis","West Coast Non Golden Substitute"
"46","Jorge Rodas","West Coast Non Golden Substitute"
"47","Felipe Rodriguez","West Coast Non Golden Substitute"
"48","Richard Sharpe","West Coast Non Golden Substitute"
"49","Andrew Shue","West Coast Non Golden Substitute"
"50","Raimo De Vries","West Coast Non Golden Substitute"
"51","Henry Gutierrez","West Coast Non Golden Substitute"
"52","Ramiro Corrales","West Coast Non Golden Substitute"
"53","Chris Armas","West Coast Non Golden Substitute"
"54","Jorge Salcedo","West Coast Non Golden Substitute"
"55","Jeff Baicher","West Coast Non Golden Substitute"
"56","Ed Pinon","West Coast Non Golden Substitute"
"57","Ryshiem Henderson","West Coast Non Golden Substitute"
"58","Josh McKay","West Coast Non Golden Substitute"
"59","Ante Razov","West Coast Non Golden Substitute"
"60","Paul Holocher","West Coast Non Golden Substitute"
"61","Altimont Butler","West Coast Non Golden Substitute"
"62","John Garvey","West Coast Non Golden Substitute"
"63","Sean Henderson","West Coast Non Golden Substitute"
"64","Brian Bates","West Coast Non Golden Substitute"
"65","Dominic Kinnear","West Coast Non Golden Substitute"
"66","Adrian Paz","West Coast Non Golden Substitute"
"67","Ronald Cerritos","West Coast Non Golden Substitute"
"68","Lawrence Lozzano","West Coast Non Golden Substitute"
"69","David Patino","West Coast Non Golden Substitute"
"70","Martin Machon","West Coast Non Golden Substitute"
"71","Wolde Harris","West Coast Non Golden Substitute"
"72","Shawn Medved","West Coast Non Golden Substitute"
"73","Istvan Urbanyi","West Coast Non Golden Substitute"
"74","Harut Karapetyan","West Coast Non Golden Substitute"
"75","Guillermo Jara","West Coast Non Golden Substitute"
"76","Tote Castaneda","West Coast Non Golden Substitute"
"77","Jose Botello","West Coast Non Golden Substitute"
"78","Daniel Guzman","West Coast Non Golden Substitute"
"79","Zico","West Coast Non Golden Substitute"
"80","Steve Rammel","West Coast Non Golden Substitute"
"81","Esmundo Rodriguez","West Coast Non Golden Substitute"
"82","John Jones","West Coast Non Golden Substitute"
"83","Gerardo Laterza","West Coast Non Golden Substitute"
"84","Brian Taylor","West Coast Non Golden Substitute"
"85","Carlos Hermosillo","West Coast Non Golden Substitute"
"86","Welton","West Coast Non Golden Substitute"
"87","Clint Mathis","West Coast Non Golden Substitute"
"88","Martin Vasquez","West Coast Non Golden Substitute"
"89","Waldir","West Coast Non Golden Substitute"
"90","Victor Mella","West Coast Non Golden Substitute"
"91","Ross Paule","West Coast Non Golden Substitute"
"92","Braeden Cloutier","West Coast Non Golden Substitute"
"93","Joey DiGiamarino","West Coast Non Golden Substitute"
"94","Daniel Hernandez","West Coast Non Golden Substitute"
"95","Marquis White","West Coast Non Golden Substitute"
"96","Eric Chaisongkram","West Coast Non Golden Substitute"
"97","Marco Ferruzzi","West Coast Non Golden Substitute"
"98","David Quesada","West Coast Non Golden Substitute"
"99","Alberto Montoya","West Coast Non Golden Substitute"
"100","Jason Bent","West Coast Non Golden Substitute"
"101","Roy Myers","West Coast Non Golden Substitute"
"102","Raul Diaz Arce","West Coast Non Golden Substitute"
"103","Anders Limpar","West Coast Non Golden Substitute"
"104","Jorge Dely Valdes","West Coast Non Golden Substitute"
"105","Simon Elliott","West Coast Non Golden Substitute"
"106","Joe Franchino","West Coast Non Golden Substitute"
"107","Alejandro Sequeira","West Coast Non Golden Substitute"
"108","Richard Mulrooney","West Coast Non Golden Substitute"
"109","Dario Brose","West Coast Non Golden Substitute"
"110","Marvin Quijano","West Coast Non Golden Substitute"
"111","Zak Ibsen","West Coast Non Golden Substitute"
"112","Maxi Viera","West Coast Non Golden Substitute"
"113","Jaime Estupinan","West Coast Non Golden Substitute"
"114","Anthony Farras","West Coast Non Golden Substitute"
"115","Mark Baena","West Coast Non Golden Substitute"
"116","Leighton O'Brien","West Coast Non Golden Substitute"
"117","Carlos Farias","West Coast Non Golden Substitute"
"118","Caleb Porter","West Coast Non Golden Substitute"
"119","Seth George","West Coast Non Golden Substitute"
"120","Darren Sawatzky","West Coast Non Golden Substitute"
"121","Mauricio Solis","West Coast Non Golden Substitute"
"122","Luis Hernandez","West Coast Non Golden Substitute"
"123","Sasha Victorine","West Coast Non Golden Substitute"
"124","Jason Moore","West Coast Non Golden Substitute"
"125","Henry Zambrano","West Coast Non Golden Substitute"
"126","Khodadad Azizi","West Coast Non Golden Substitute"
"127","Paul Dougherty","West Coast Non Golden Substitute"
"128","Abdul Thompson Conteh","West Coast Non Golden Substitute"
"129","Giovanni Savarese","West Coast Non Golden Substitute"
"130","Travis Mulraine","West Coast Non Golden Substitute"
"131","Peter Vagenas","West Coast Non Golden Substitute"
"132","Ryan Edwards","West Coast Non Golden Substitute"
"133","Sheldon Thomas","West Coast Non Golden Substitute"
"134","Kyle Beckerman","West Coast Non Golden Substitute"
"135","Danny DeVall","West Coast Non Golden Substitute"
"136","Jeff DiMaria","West Coast Non Golden Substitute"
"137","Ivan Polic","West Coast Non Golden Substitute"
"138","Scott Bower","West Coast Non Golden Substitute"
"139","Brian Kelly","West Coast Non Golden Substitute"
"140","Landon Donovan","West Coast Non Golden Substitute"
"141","Carlos Valderrama","West Coast Non Golden Substitute"
"142","Manny Lagos","West Coast Non Golden Substitute"
"143","John Spencer","West Coast Non Golden Substitute"
"144","Imad Baba","West Coast Non Golden Substitute"
"145","Ronnie Ekelund","West Coast Non Golden Substitute"
"146","Brian Ching","West Coast Non Golden Substitute"
"147","Jason Farrell","West Coast Non Golden Substitute"
"148","Rivers Guthrie","West Coast Non Golden Substitute"
"149","Alex Bengard","West Coast Non Golden Substitute"
"150","Wojtek Krakowiak","West Coast Non Golden Substitute"
"151","Neathan Gibson","West Coast Non Golden Substitute"
"152","Isaias Bardales Jr.","West Coast Non Golden Substitute"
"153","Mark Chung","West Coast Non Golden Substitute"
"154","Dwayne De Rosario","West Coast Non Golden Substitute"
"155","Chris Carrieri","West Coast Non Golden Substitute"
"156","Ariel Graziani","West Coast Non Golden Substitute"
"157","Pablo Mastroeni","West Coast Non Golden Substitute"
"158","Alejandro Moreno","West Coast Non Golden Substitute"
"159","Winston Griffiths","West Coast Non Golden Substitute"
"160","Zach Kingsley","West Coast Non Golden Substitute"
"161","Jesus Ochoa","West Coast Non Golden Substitute"
"162","Carlos Ruiz","West Coast Non Golden Substitute"
"163","McKinley Tennyson","West Coast Non Golden Substitute"
"164","Chris Roner","West Coast Non Golden Substitute"
"165","Musa Shannon","West Coast Non Golden Substitute"
"166","Luchi Gonzalez","West Coast Non Golden Substitute"
"167","Devin Barclay","West Coast Non Golden Substitute"
"168","Casey Schmidt","West Coast Non Golden Substitute"
"169","Diego Serna","West Coast Non Golden Substitute"
"170","Arturo Alvarez","West Coast Non Golden Substitute"
"171","Johanes Maliza","West Coast Non Golden Substitute"
"172","Hï¿½rculez Gï¿½mez","West Coast Non Golden Substitute"
"173","Alex Blake","West Coast Non Golden Substitute"
"174","Roger Levesque","West Coast Non Golden Substitute"
"175","Jose Retiz","West Coast Non Golden Substitute"
"176","Guillermo Gonzalez","West Coast Non Golden Substitute"
"177","Arturo Torres","West Coast Non Golden Substitute"
"178","Daryl Powell","West Coast Non Golden Substitute"
"179","Jamil Walker","West Coast Non Golden Substitute"
"180","Zizi Roberts","West Coast Non Golden Substitute"
"181","Matt Crawford","West Coast Non Golden Substitute"
"182","Andreas Herzog","West Coast Non Golden Substitute"
"183","Peguero Jean Philippe","West Coast Non Golden Substitute"
"184","Joseph Ngwenya","West Coast Non Golden Substitute"
"185","Jordan Cila","West Coast Non Golden Substitute"
"186","Jovan Kirovski","West Coast Non Golden Substitute"
"187","Rey Angel Martinez","West Coast Non Golden Substitute"
"188","Chris Brown","West Coast Non Golden Substitute"
"189","Paul Broome","West Coast Non Golden Substitute"
"190","Marcelo Saragosa","West Coast Non Golden Substitute"
"191","Michael Erush","West Coast Non Golden Substitute"
"192","Josh Gardner","West Coast Non Golden Substitute"
"193","Tighe Dombrowski","West Coast Non Golden Substitute"
"194","David Castellanos","West Coast Non Golden Substitute"
"195","Alan Gordon","West Coast Non Golden Substitute"
"196","Brad Davis","West Coast Non Golden Substitute"
"197","Ramon Ramirez","West Coast Non Golden Substitute"
"198","Hector Cuadros","West Coast Non Golden Substitute"
"199","Alain Nkong","West Coast Non Golden Substitute"
"200","Jason Kreis","West Coast Non Golden Substitute"
"201","Antonio Martinez","West Coast Non Golden Substitute"
"202","Jeff Cunningham","West Coast Non Golden Substitute"
"203","Andy Williams","West Coast Non Golden Substitute"
"204","Leslie Fitzpatrick","West Coast Non Golden Substitute"
"205","Matt Taylor","West Coast Non Golden Substitute"
"206","Terry Cooke","West Coast Non Golden Substitute"
"207","HŽrculez G—mez","West Coast Non Golden Substitute"
"208","Francisco Mendoza","West Coast Non Golden Substitute"
"209","Paulo Nagamura","West Coast Non Golden Substitute"
"210","Julian Nash","West Coast Non Golden Substitute"
"211","Luke Kreamalmeyer","West Coast Non Golden Substitute"
"212","Francisco Gomez","West Coast Non Golden Substitute"
"213","Melvin Tarley","West Coast Non Golden Substitute"
"214","Leo Cullen","West Coast Non Golden Substitute"
"215","Juan Francisco Palencia","West Coast Non Golden Substitute"
"216","Jamie Watson","West Coast Non Golden Substitute"
"217","Isaac Romo","West Coast Non Golden Substitute"
"218","Guillermo Ramirez","West Coast Non Golden Substitute"
"219","Thiago Martins","West Coast Non Golden Substitute"
"220","Douglas Sequeira","West Coast Non Golden Substitute"
"221","David Johnson","West Coast Non Golden Substitute"
"222","Christian Jimenez","West Coast Non Golden Substitute"
"223","Quavas Kirk","West Coast Non Golden Substitute"
"224","Joshua Elbaum","West Coast Non Golden Substitute"
"225","Orlando Ramirez","West Coast Non Golden Substitute"
"226","Marcus Sagastume","West Coast Non Golden Substitute"
"227","Aaron Lanes","West Coast Non Golden Substitute"
"228","Amir Lowery","West Coast Non Golden Substitute"
"229","Chris Wondolowski","West Coast Non Golden Substitute"
"230","Rodrigo L—pez","West Coast Non Golden Substitute"
"231","Mike Munoz","West Coast Non Golden Substitute"
"232","Eugene Sepuya","West Coast Non Golden Substitute"
"233","Sasha Gotsmanov","West Coast Non Golden Substitute"
"234","Milton Blanco","West Coast Non Golden Substitute"
"235","Martin Morales","West Coast Non Golden Substitute"
"236","Nikolas Besagno","West Coast Non Golden Substitute"
"237","Fabrice Noel","West Coast Non Golden Substitute"
"238","Michael Enfield","West Coast Non Golden Substitute"
"239","Mubarike Chisoni","West Coast Non Golden Substitute"
"240","Adolfo Gregorio","West Coast Non Golden Substitute"
"241","Dipsy Selolwane","West Coast Non Golden Substitute"
"242","Juan Pablo Garcia","West Coast Non Golden Substitute"
"243","Kenny Cutler","West Coast Non Golden Substitute"
"244","Brian Kamler","West Coast Non Golden Substitute"
"245","Chris Klein","West Coast Non Golden Substitute"
"246","Nicolas Hernandez","West Coast Non Golden Substitute"
"247","Jacob Peterson","West Coast Non Golden Substitute"
"248","Jesse Marsch","West Coast Non Golden Substitute"
"249","Mehdi Ballouchy","West Coast Non Golden Substitute"
"250","Jesus Morales","West Coast Non Golden Substitute"
"251","Brent Whitfield","West Coast Non Golden Substitute"
"252","Adam Acosta","West Coast Non Golden Substitute"
"253","Daniel Paladini","West Coast Non Golden Substitute"
"254","Estuardo Sanchez","West Coast Non Golden Substitute"
"255","Aaron King","West Coast Non Golden Substitute"
"256","Brian Gil","West Coast Non Golden Substitute"
"257","Josh Hansen","West Coast Non Golden Substitute"
"258","John O'Brien","West Coast Non Golden Substitute"
"259","Rene Corona","West Coast Non Golden Substitute"
"260","Ednaldo da Conceicao","West Coast Non Golden Substitute"
"261","Stefani Miglioranzi","West Coast Non Golden Substitute"
"262","Gavin Glinton","West Coast Non Golden Substitute"
"263","Joey Worthen","West Coast Non Golden Substitute"
"264","Anderson de Souza","West Coast Non Golden Substitute"
"265","Drew Helm","West Coast Non Golden Substitute"
"266","Jafet Soto","West Coast Non Golden Substitute"
"267","Cornell Glen","West Coast Non Golden Substitute"
"268","Colin Clark","West Coast Non Golden Substitute"
"269","Kei Kamara","West Coast Non Golden Substitute"
"270","Nathan Sturgis","West Coast Non Golden Substitute"
"271","Maykel Galindo","West Coast Non Golden Substitute"
"272","Alecko Eskandarian","West Coast Non Golden Substitute"
"273","David Beckham","West Coast Non Golden Substitute"
"274","Javier Morales","West Coast Non Golden Substitute"
"275","Fabian Espindola","West Coast Non Golden Substitute"
"276","Laurent Merlin","West Coast Non Golden Substitute"
"277","Freddy Adu","West Coast Non Golden Substitute"
"278","Edson Buddle","West Coast Non Golden Substitute"
"279","John Cunliffe","West Coast Non Golden Substitute"
"280","Josh Tudela","West Coast Non Golden Substitute"
"281","Kyle Martino","West Coast Non Golden Substitute"
"282","John DiRaimondo","West Coast Non Golden Substitute"
"283","Yherland McDonald","West Coast Non Golden Substitute"
"284","David Arvizu","West Coast Non Golden Substitute"
"285","Jeff Rowland","West Coast Non Golden Substitute"
"286","Steven Curfman","West Coast Non Golden Substitute"
"287","Duke Hashimoto","West Coast Non Golden Substitute"
"288","Mohammed Sethi","West Coast Non Golden Substitute"
"289","Israel Sesay","West Coast Non Golden Substitute"
"290","Erasmo Solorzano","West Coast Non Golden Substitute"
"291","Anthony Hamilton","West Coast Non Golden Substitute"
"292","Mike Caso","West Coast Non Golden Substitute"
"293","Daniel Osorno","West Coast Non Golden Substitute"
"294","Nico Colaluca","West Coast Non Golden Substitute"
"295","Nick LaBrocca","West Coast Non Golden Substitute"
"296","Omar Cummings","West Coast Non Golden Substitute"
"297","Santino Quaranta","West Coast Non Golden Substitute"
"298","Kyle Brown","West Coast Non Golden Substitute"
"299","Amado Guevara","West Coast Non Golden Substitute"
"300","Jose Cancela","West Coast Non Golden Substitute"
"301","Roberto Brown","West Coast Non Golden Substitute"
"302","Carlos Pavon","West Coast Non Golden Substitute"
"303","Kevin Harmse","West Coast Non Golden Substitute"
"304","Robbie Findley","West Coast Non Golden Substitute"
"305","Paul Wright","East Coast Golden Substitute"
"306","Jaime Moreno","East Coast Golden Substitute"
"307","Kris Kelderman","East Coast Golden Substitute"
"308","Ruben Hernandez","East Coast Golden Substitute"
"309","Rob Johnson","East Coast Golden Substitute"
"310","Pete Marino","East Coast Golden Substitute"
"311","Jesse Marsch","East Coast Golden Substitute"
"312","Temoc Suarez","East Coast Golden Substitute"
"313","Alan Prampin","East Coast Golden Substitute"
"314","Andy Williams","East Coast Golden Substitute"
"315","Brian Maisonneuve","East Coast Golden Substitute"
"316","Paul Young","East Coast Golden Substitute"
"317","Dominic Kinnear","East Coast Golden Substitute"
"318","Nelson Vargas","East Coast Golden Substitute"
"319","Paul Keegan","East Coast Golden Substitute"
"320","Marcelo Carrera","East Coast Golden Substitute"
"321","Josh Wolff","East Coast Golden Substitute"
"322","Dan Stebbins","East Coast Golden Substitute"
"323","Petter Villegas","East Coast Golden Substitute"
"324","Manny Lagos","East Coast Golden Substitute"
"325","Paul Dougherty","East Coast Golden Substitute"
"326","Dante Washington","East Coast Golden Substitute"
"327","Tab Ramos","East Coast Golden Substitute"
"328","Maurizio Rocha","East Coast Golden Substitute"
"329","Johnny Torres","East Coast Golden Substitute"
"330","Hristo Stoitchkov","East Coast Golden Substitute"
"331","Paul Broome","East Coast Golden Substitute"
"332","Antonio Martinez","East Coast Golden Substitute"
"333","Jamar Beasley","East Coast Golden Substitute"
"334","Aleksey Korol","East Coast Golden Substitute"
"335","A.J. Wood","East Coast Golden Substitute"
"336","William Sunsing","East Coast Golden Substitute"
"337","Bobby Rhine","East Coast Golden Substitute"
"338","Bobby Convey","East Coast Golden Substitute"
"339","Clint Mathis","East Coast Golden Substitute"
"340","Gary Glasgow","East Coast Golden Substitute"
"341","Sergi Daniv","East Coast Golden Substitute"
"342","Lazo Alavanja","East Coast Golden Substitute"
"343","Onandi Lowe","East Coast Golden Substitute"
"344","Braeden Cloutier","East Coast Golden Substitute"
"345","Ronald Cerritos","East Coast Golden Substitute"
"346","Diego Serna","East Coast Golden Substitute"
"347","Santino Quaranta","East Coast Golden Substitute"
"348","Ian Fuller","East Coast Golden Substitute"
"349","Brad Davis","East Coast Golden Substitute"
"350","Jose Cancela","East Coast Golden Substitute"
"351","Freddy Garcia","East Coast Golden Substitute"
"352","Toni Nhleko","East Coast Golden Substitute"
"353","Eliseo Quintanilla","East Coast Golden Substitute"
"354","Richie Baker","East Coast Golden Substitute"
"355","Oscar Pareja","East Coast Golden Substitute"
"356","Mark Lisi","East Coast Golden Substitute"
"357","Jamil Walker","East Coast Golden Substitute"
"358","Chad Barrett","East Coast Golden Substitute"
"359","Abbe Ibrahim","East Coast Golden Substitute"
"360","David Testo","East Coast Golden Substitute"
"361","Ramon Nunez","East Coast Golden Substitute"
"362","Abe Thompson","East Coast Golden Substitute"
"363","Pat Noonan","East Coast Golden Substitute"
"364","Stuart Holden","East Coast Golden Substitute"
"365","Corey Ashe","East Coast Golden Substitute"
"366","Marco Etcheverry","East Coast Non Golden Substitute"
"367","Carlos Valderrama","East Coast Non Golden Substitute"
"368","Preki","East Coast Non Golden Substitute"
"369","Robert Warzycha","East Coast Non Golden Substitute"
"370","Adrian Paz","East Coast Non Golden Substitute"
"371","Tab Ramos","East Coast Non Golden Substitute"
"372","Mark Chung","East Coast Non Golden Substitute"
"373","Roberto Donadoni","East Coast Non Golden Substitute"
"374","Giuseppe Galderisi","East Coast Non Golden Substitute"
"375","Billy Thompson","East Coast Non Golden Substitute"
"376","John Harkes","East Coast Non Golden Substitute"
"377","Gerell Elliott","East Coast Non Golden Substitute"
"378","Alberto Naveda","East Coast Non Golden Substitute"
"379","Vitalis Takawira","East Coast Non Golden Substitute"
"380","Ted Eck","East Coast Non Golden Substitute"
"381","Welton","East Coast Non Golden Substitute"
"382","Mike Sorber","East Coast Non Golden Substitute"
"383","Martin Vasquez","East Coast Non Golden Substitute"
"384","Darren Sawatzky","East Coast Non Golden Substitute"
"385","Leonel Alvarez","East Coast Non Golden Substitute"
"386","Jason Kreis","East Coast Non Golden Substitute"
"387","Richie Williams","East Coast Non Golden Substitute"
"388","Frank Klopas","East Coast Non Golden Substitute"
"389","Pete Marino","East Coast Non Golden Substitute"
"390","Miles Joseph","East Coast Non Golden Substitute"
"391","Roy Lassiter","East Coast Non Golden Substitute"
"392","Evans Wise","East Coast Non Golden Substitute"
"393","Steve Rammel","East Coast Non Golden Substitute"
"394","Hugo Sanchez","East Coast Non Golden Substitute"
"395","Paul Keegan","East Coast Non Golden Substitute"
"396","Brian Haynes","East Coast Non Golden Substitute"
"397","Brian McBride","East Coast Non Golden Substitute"
"398","Maurice Johnston","East Coast Non Golden Substitute"
"399","Eric Eichmann","East Coast Non Golden Substitute"
"400","Manny Lagos","East Coast Non Golden Substitute"
"401","Victor Mella","East Coast Non Golden Substitute"
"402","Antony De Avila","East Coast Non Golden Substitute"
"403","Imad Baba","East Coast Non Golden Substitute"
"404","Washington Rodriguez","East Coast Non Golden Substitute"
"405","A.J. Wood","East Coast Non Golden Substitute"
"406","Brian Maisonneuve","East Coast Non Golden Substitute"
"407","Todd Yeagley","East Coast Non Golden Substitute"
"408","Marcelo Carrera","East Coast Non Golden Substitute"
"409","John Kerr","East Coast Non Golden Substitute"
"410","Goran Hunjak","East Coast Non Golden Substitute"
"411","Kevin Wylie","East Coast Non Golden Substitute"
"412","Doctor Khumalo","East Coast Non Golden Substitute"
"413","Raul Diaz Arce","East Coast Non Golden Substitute"
"414","Mark Santel","East Coast Non Golden Substitute"
"415","Steve Ralston","East Coast Non Golden Substitute"
"416","Obi Monome","East Coast Non Golden Substitute"
"417","Todd Miller","East Coast Non Golden Substitute"
"418","Petter Villegas","East Coast Non Golden Substitute"
"419","Nidal Baba","East Coast Non Golden Substitute"
"420","Ian Hennessey","East Coast Non Golden Substitute"
"421","Brian Kamler","East Coast Non Golden Substitute"
"422","Edmundo Rodriguez","East Coast Non Golden Substitute"
"423","Robert Ukrop","East Coast Non Golden Substitute"
"424","Kevin Koetters","East Coast Non Golden Substitute"
"425","Rob Smith","East Coast Non Golden Substitute"
"426","Damian Silvera","East Coast Non Golden Substitute"
"427","Chris Unger","East Coast Non Golden Substitute"
"428","Shawn Medved","East Coast Non Golden Substitute"
"429","Joe-Max Moore","East Coast Non Golden Substitute"
"430","Mike Burns","East Coast Non Golden Substitute"
"431","Giovanni Savarese","East Coast Non Golden Substitute"
"432","Lawrence Lozzano","East Coast Non Golden Substitute"
"433","Rivers Guthrie","East Coast Non Golden Substitute"
"434","Ricci Greenwood","East Coast Non Golden Substitute"
"435","Stan Lembryk","East Coast Non Golden Substitute"
"436","Omid Namazi","East Coast Non Golden Substitute"
"437","Bojan Vuckovic","East Coast Non Golden Substitute"
"438","Brent Longenecker","East Coast Non Golden Substitute"
"439","Martin Munnelly","East Coast Non Golden Substitute"
"440","Travis Rinker","East Coast Non Golden Substitute"
"441","Mirsad Huseinovic","East Coast Non Golden Substitute"
"442","Yari Allnutt","East Coast Non Golden Substitute"
"443","Patrick Tardieu","East Coast Non Golden Substitute"
"444","Ben Crawley","East Coast Non Golden Substitute"
"445","Danny Barber","East Coast Non Golden Substitute"
"446","Ken Hesse","East Coast Non Golden Substitute"
"447","Louis Ken-Kwofie","East Coast Non Golden Substitute"
"448","Jesse Marsch","East Coast Non Golden Substitute"
"449","Sterling Wescott","East Coast Non Golden Substitute"
"450","Jimmy Glenn","East Coast Non Golden Substitute"
"451","George Gelnovatch","East Coast Non Golden Substitute"
"452","Paul Young","East Coast Non Golden Substitute"
"453","Mac Cozier","East Coast Non Golden Substitute"
"454","Juan Suarez","East Coast Non Golden Substitute"
"455","Mike Huwiler","East Coast Non Golden Substitute"
"456","Jorge Flores","East Coast Non Golden Substitute"
"457","Brandon Ward","East Coast Non Golden Substitute"
"458","Dante Washington","East Coast Non Golden Substitute"
"459","Chris Brauchle","East Coast Non Golden Substitute"
"460","Alan Prampin","East Coast Non Golden Substitute"
"461","Nelson Vargas","East Coast Non Golden Substitute"
"462","Mickey Kydes","East Coast Non Golden Substitute"
"463","Diego Viera","East Coast Non Golden Substitute"
"464","Shane Battelle","East Coast Non Golden Substitute"
"465","Chad Ashton","East Coast Non Golden Substitute"
"466","Erik Imler","East Coast Non Golden Substitute"
"467","Derek Backman","East Coast Non Golden Substitute"
"468","Zak Ibsen","East Coast Non Golden Substitute"
"469","Janusz Michallik","East Coast Non Golden Substitute"
"470","Jaime Moreno","East Coast Non Golden Substitute"
"471","Damian","East Coast Non Golden Substitute"
"472","Gilmar","East Coast Non Golden Substitute"
"473","Chiquinho Conde","East Coast Non Golden Substitute"
"474","Ben Iroha","East Coast Non Golden Substitute"
"475","Jorge Salcedo","East Coast Non Golden Substitute"
"476","Brian Kelly","East Coast Non Golden Substitute"
"477","Daniel Peinado","East Coast Non Golden Substitute"
"478","Paul Wright","East Coast Non Golden Substitute"
"479","Alejandro Farias","East Coast Non Golden Substitute"
"480","Marco Ferruzzi","East Coast Non Golden Substitute"
"481","Jason Farrell","East Coast Non Golden Substitute"
"482","Gerson Echeverry","East Coast Non Golden Substitute"
"483","Peter Hattrup","East Coast Non Golden Substitute"
"484","Bill Harte","East Coast Non Golden Substitute"
"485","Guido","East Coast Non Golden Substitute"
"486","Braeden Cloutier","East Coast Non Golden Substitute"
"487","Brian Johnson","East Coast Non Golden Substitute"
"488","Joao Batista","East Coast Non Golden Substitute"
"489","Andrew Lewis","East Coast Non Golden Substitute"
"490","Ike Udeh","East Coast Non Golden Substitute"
"491","Gabe Jones","East Coast Non Golden Substitute"
"492","Nino Da Silva","East Coast Non Golden Substitute"
"493","Jamel Mitchell","East Coast Non Golden Substitute"
"494","Patrick Olalere","East Coast Non Golden Substitute"
"495","Juan Sastoque","East Coast Non Golden Substitute"
"496","Rob Johnson","East Coast Non Golden Substitute"
"497","Dan Stebbins","East Coast Non Golden Substitute"
"498","Altimont Butler","East Coast Non Golden Substitute"
"499","Joey Thieman","East Coast Non Golden Substitute"
"500","Steve Klein","East Coast Non Golden Substitute"
"501","Eric Quill","East Coast Non Golden Substitute"
"502","Jake Dancy","East Coast Non Golden Substitute"
"503","Musa Shannon","East Coast Non Golden Substitute"
"504","Silvio Rudman","East Coast Non Golden Substitute"
"505","Rob Jachym","East Coast Non Golden Substitute"
"506","Carlos Parra","East Coast Non Golden Substitute"
"507","Kerry Zavagnin","East Coast Non Golden Substitute"
"508","Sam George","East Coast Non Golden Substitute"
"509","Jerzy Podbrozny","East Coast Non Golden Substitute"
"510","Peter Nowak","East Coast Non Golden Substitute"
"511","Paul Dougherty","East Coast Non Golden Substitute"
"512","Chris Armas","East Coast Non Golden Substitute"
"513","Mauricio Ramos","East Coast Non Golden Substitute"
"514","Diego Serna","East Coast Non Golden Substitute"
"515","Roman Kosecki","East Coast Non Golden Substitute"
"516","Ante Razov","East Coast Non Golden Substitute"
"517","Ben Olsen","East Coast Non Golden Substitute"
"518","Oscar Pareja","East Coast Non Golden Substitute"
"519","Edwin Gorter","East Coast Non Golden Substitute"
"520","Marcelo Vega","East Coast Non Golden Substitute"
"521","Paulinho McLaren","East Coast Non Golden Substitute"
"522","Kris Kelderman","East Coast Non Golden Substitute"
"523","Jim Rooney","East Coast Non Golden Substitute"
"524","Stern John","East Coast Non Golden Substitute"
"525","Marcelo Herrera","East Coast Non Golden Substitute"
"526","Pablo Mastroeni","East Coast Non Golden Substitute"
"527","Leo Cullen","East Coast Non Golden Substitute"
"528","Johnny Torres","East Coast Non Golden Substitute"
"529","Roy Wegerle","East Coast Non Golden Substitute"
"530","Mickey Trotman","East Coast Non Golden Substitute"
"531","Henry Gutierrez","East Coast Non Golden Substitute"
"532","Paul Rideout","East Coast Non Golden Substitute"
"533","Billy Walsh","East Coast Non Golden Substitute"
"534","Alain Sutter","East Coast Non Golden Substitute"
"535","Andrew Gregor","East Coast Non Golden Substitute"
"536","Brian West","East Coast Non Golden Substitute"
"537","Refik Sabanadzovic","East Coast Non Golden Substitute"
"538","Jamar Beasley","East Coast Non Golden Substitute"
"539","Brian Loftin","East Coast Non Golden Substitute"
"540","Mike Slivinski","East Coast Non Golden Substitute"
"541","Brian Taylor","East Coast Non Golden Substitute"
"542","Ramiro Corrales","East Coast Non Golden Substitute"
"543","Carlos Rocha","East Coast Non Golden Substitute"
"544","Jair","East Coast Non Golden Substitute"
"545","Jeff Cunningham","East Coast Non Golden Substitute"
"546","Chad Deering","East Coast Non Golden Substitute"
"547","Steve Bell","East Coast Non Golden Substitute"
"548","Joe Carver","East Coast Non Golden Substitute"
"549","Craig Yacks","East Coast Non Golden Substitute"
"550","Travis Roy","East Coast Non Golden Substitute"
"551","Nick Theslof","East Coast Non Golden Substitute"
"552","Edgar Hernandez","East Coast Non Golden Substitute"
"553","John Jones","East Coast Non Golden Substitute"
"554","Lyle Yorks","East Coast Non Golden Substitute"
"555","Joe Munoz","East Coast Non Golden Substitute"
"556","Carlos Ledesma","East Coast Non Golden Substitute"
"557","Tom McLaughlin","East Coast Non Golden Substitute"
"558","Barry Swift","East Coast Non Golden Substitute"
"559","Alen Kozic","East Coast Non Golden Substitute"
"560","Judah Cooks","East Coast Non Golden Substitute"
"561","Jesse Van Saun","East Coast Non Golden Substitute"
"562","Tony Kuhn","East Coast Non Golden Substitute"
"563","Jacek Ziober","East Coast Non Golden Substitute"
"564","Brian Bates","East Coast Non Golden Substitute"
"565","Roger Thomas","East Coast Non Golden Substitute"
"566","Jerry Tamashiro","East Coast Non Golden Substitute"
"567","Chris Klein","East Coast Non Golden Substitute"
"568","Josh Keller","East Coast Non Golden Substitute"
"569","David Nakhid","East Coast Non Golden Substitute"
"570","Jeff Baicher","East Coast Non Golden Substitute"
"571","Dominic Kinnear","East Coast Non Golden Substitute"
"572","Chris Henderson","East Coast Non Golden Substitute"
"573","Alex Bunbury","East Coast Non Golden Substitute"
"574","Henry Zambrano","East Coast Non Golden Substitute"
"575","Chris Brown","East Coast Non Golden Substitute"
"576","Eduardo Hurtado","East Coast Non Golden Substitute"
"577","Roberto Gaucho","East Coast Non Golden Substitute"
"578","Sasa Curcic","East Coast Non Golden Substitute"
"579","Paul Broome","East Coast Non Golden Substitute"
"580","Antonio Otero","East Coast Non Golden Substitute"
"581","John Jairo Trellez","East Coast Non Golden Substitute"
"582","Jason Moore","East Coast Non Golden Substitute"
"583","Sergi Daniv","East Coast Non Golden Substitute"
"584","Josh Wolff","East Coast Non Golden Substitute"
"585","Cesar Alvarado","East Coast Non Golden Substitute"
"586","Harut Karapetyan","East Coast Non Golden Substitute"
"587","Eric Wynalda","East Coast Non Golden Substitute"
"588","Bobby Rhine","East Coast Non Golden Substitute"
"589","Jefferson Gottardi","East Coast Non Golden Substitute"
"590","Jeff Bilyk","East Coast Non Golden Substitute"
"591","Ariel Graziani","East Coast Non Golden Substitute"
"592","Temoc Suarez","East Coast Non Golden Substitute"
"593","Tomasz Wygonik","East Coast Non Golden Substitute"
"594","Scott Pearson","East Coast Non Golden Substitute"
"595","Andreas Maier","East Coast Non Golden Substitute"
"596","Jim Manganello","East Coast Non Golden Substitute"
"597","Fernando Fernandes","East Coast Non Golden Substitute"
"598","David Hayes","East Coast Non Golden Substitute"
"599","Eric Kvello","East Coast Non Golden Substitute"
"600","Lazo Alavanja","East Coast Non Golden Substitute"
"601","John Wolyniec","East Coast Non Golden Substitute"
"602","Jason Boyce","East Coast Non Golden Substitute"
"603","Kirk Wilson","East Coast Non Golden Substitute"
"604","Dema Kovalenko","East Coast Non Golden Substitute"
"605","Francisco Gomez","East Coast Non Golden Substitute"
"606","John Ball","East Coast Non Golden Substitute"
"607","Saul Martinez","East Coast Non Golden Substitute"
"608","Paulo Dos Santos","East Coast Non Golden Substitute"
"609","Martin Machon","East Coast Non Golden Substitute"
"610","Adolfo Valencia","East Coast Non Golden Substitute"
"611","Junior Agogo","East Coast Non Golden Substitute"
"612","Wolde Harris","East Coast Non Golden Substitute"
"613","Alex Comas","East Coast Non Golden Substitute"
"614","Andy Williams","East Coast Non Golden Substitute"
"615","Mamadou Diallo","East Coast Non Golden Substitute"
"616","John Wilmar Perez","East Coast Non Golden Substitute"
"617","Peter Byaruhanga","East Coast Non Golden Substitute"
"618","Gary Glasgow","East Coast Non Golden Substitute"
"619","Daniel Hernandez","East Coast Non Golden Substitute"
"620","Bobby Convey","East Coast Non Golden Substitute"
"621","Shaker Asad","East Coast Non Golden Substitute"
"622","Roland Aguilera","East Coast Non Golden Substitute"
"623","Kalin Bankov","East Coast Non Golden Substitute"
"624","Justin Evans","East Coast Non Golden Substitute"
"625","Miklos Molnar","East Coast Non Golden Substitute"
"626","Christoff Lindenmayer","East Coast Non Golden Substitute"
"627","Mario Longo","East Coast Non Golden Substitute"
"628","O'Neil Peart","East Coast Non Golden Substitute"
"629","Ernest Inneh","East Coast Non Golden Substitute"
"630","Gerard Lagos","East Coast Non Golden Substitute"
"631","Keith Beach","East Coast Non Golden Substitute"
"632","Sergio Salas","East Coast Non Golden Substitute"
"633","Angel Rivillo","East Coast Non Golden Substitute"
"634","Fabio Zuniga","East Coast Non Golden Substitute"
"635","Julian Gomez","East Coast Non Golden Substitute"
"636","Amos Magee","East Coast Non Golden Substitute"
"637","Yuri Lavrinenko","East Coast Non Golden Substitute"
"638","Ihor Dotsenko","East Coast Non Golden Substitute"
"639","Maurizio Rocha","East Coast Non Golden Substitute"
"640","Manuel Bucuane","East Coast Non Golden Substitute"
"641","Esmundo Rodriguez","East Coast Non Golden Substitute"
"642","Steve Armas","East Coast Non Golden Substitute"
"643","Mike Burke","East Coast Non Golden Substitute"
"644","Jose Luis Morales","East Coast Non Golden Substitute"
"645","Ian Bishop","East Coast Non Golden Substitute"
"646","Alex Pineda Chacon","East Coast Non Golden Substitute"
"647","Cate","East Coast Non Golden Substitute"
"648","Mark Lisi","East Coast Non Golden Substitute"
"649","Joselito Vaca","East Coast Non Golden Substitute"
"650","Ian Woan","East Coast Non Golden Substitute"
"651","Greg Simmonds","East Coast Non Golden Substitute"
"652","Edson Buddle","East Coast Non Golden Substitute"
"653","Matt Okoh","East Coast Non Golden Substitute"
"654","Devin Barclay","East Coast Non Golden Substitute"
"655","Rodrigo Faria","East Coast Non Golden Substitute"
"656","Jose Alegria","East Coast Non Golden Substitute"
"657","Aleksey Korol","East Coast Non Golden Substitute"
"658","Santino Quaranta","East Coast Non Golden Substitute"
"659","William Sunsing","East Coast Non Golden Substitute"
"660","Ali Curtis","East Coast Non Golden Substitute"
"661","Pedro Alvarez","East Coast Non Golden Substitute"
"662","Abdul Thompson Conteh","East Coast Non Golden Substitute"
"663","Joe Franchino","East Coast Non Golden Substitute"
"664","Tony Frias","East Coast Non Golden Substitute"
"665","Ali Ngon","East Coast Non Golden Substitute"
"666","Miguel Saavedra","East Coast Non Golden Substitute"
"667","Fernando Ortiz-Solis","East Coast Non Golden Substitute"
"668","Matt Fundenberger","East Coast Non Golden Substitute"
"669","Narciso Fernandes","East Coast Non Golden Substitute"
"670","Paul Schneider","East Coast Non Golden Substitute"
"671","Alberto Munoz","East Coast Non Golden Substitute"
"672","Michael Butler","East Coast Non Golden Substitute"
"673","Cordt Weinstein","East Coast Non Golden Substitute"
"674","Roy Myers","East Coast Non Golden Substitute"
"675","Eddie Johnson","East Coast Non Golden Substitute"
"676","Martin Klinger","East Coast Non Golden Substitute"
"677","Gus Kartes","East Coast Non Golden Substitute"
"678","Stephen Armstrong","East Coast Non Golden Substitute"
"679","Antonio Martinez","East Coast Non Golden Substitute"
"680","Taylor Twellman","East Coast Non Golden Substitute"
"681","Kyle Martino","East Coast Non Golden Substitute"
"682","Igor Simutenkov","East Coast Non Golden Substitute"
"683","Dario Fabbro","East Coast Non Golden Substitute"
"684","Jeff Moore","East Coast Non Golden Substitute"
"685","Freddy Garcia","East Coast Non Golden Substitute"
"686","Ronnie O'Brien","East Coast Non Golden Substitute"
"687","Eliseo Quintanilla","East Coast Non Golden Substitute"
"688","Clint Mathis","East Coast Non Golden Substitute"
"689","Ross Paule","East Coast Non Golden Substitute"
"690","Hamisi Amani-Dove","East Coast Non Golden Substitute"
"691","Carl Bussey","East Coast Non Golden Substitute"
"692","Scott Powers","East Coast Non Golden Substitute"
"693","Marshall Leonard","East Coast Non Golden Substitute"
"694","Brian Piesner","East Coast Non Golden Substitute"
"695","Dipsy Selolwane","East Coast Non Golden Substitute"
"696","Jeff Matteo","East Coast Non Golden Substitute"
"697","Justin Mapp","East Coast Non Golden Substitute"
"698","Dennis Ludwig","East Coast Non Golden Substitute"
"699","Davy Arnaud","East Coast Non Golden Substitute"
"700","Darin Lewis","East Coast Non Golden Substitute"
"701","Mike Nugent","East Coast Non Golden Substitute"
"702","Dustin Sheppard","East Coast Non Golden Substitute"
"703","Jordan Stone","East Coast Non Golden Substitute"
"704","Craig Capano","East Coast Non Golden Substitute"
"705","Barry Alvarez","East Coast Non Golden Substitute"
"706","Birahim Diop","East Coast Non Golden Substitute"
"707","Percy Olivares","East Coast Non Golden Substitute"
"708","Amado Guevara","East Coast Non Golden Substitute"
"709","Pat Noonan","East Coast Non Golden Substitute"
"710","Damani Ralph","East Coast Non Golden Substitute"
"711","Brad Davis","East Coast Non Golden Substitute"
"712","Nate Jaqua","East Coast Non Golden Substitute"
"713","Alecko Eskandarian","East Coast Non Golden Substitute"
"714","Mike Magee","East Coast Non Golden Substitute"
"715","Ronald Cerritos","East Coast Non Golden Substitute"
"716","Earnie Stewart","East Coast Non Golden Substitute"
"717","Shalrie Joseph","East Coast Non Golden Substitute"
"718","Jonathan Bolanos","East Coast Non Golden Substitute"
"719","Jorge Vazquez","East Coast Non Golden Substitute"
"720","Ryan Futagaki","East Coast Non Golden Substitute"
"721","Gavin Glinton","East Coast Non Golden Substitute"
"722","Eddie Gaven","East Coast Non Golden Substitute"
"723","Ricardo Clark","East Coast Non Golden Substitute"
"724","Brian Carroll","East Coast Non Golden Substitute"
"725","Andres Murriagui","East Coast Non Golden Substitute"
"726","Nick Walls","East Coast Non Golden Substitute"
"727","Jason Thompson","East Coast Non Golden Substitute"
"728","Andy Rosenband","East Coast Non Golden Substitute"
"729","Michael Ritch","East Coast Non Golden Substitute"
"730","Trevor Perea","East Coast Non Golden Substitute"
"731","Mandi Urbas","East Coast Non Golden Substitute"
"732","Chris Bagley","East Coast Non Golden Substitute"
"733","Jack Jewsbury","East Coast Non Golden Substitute"
"734","Ibrahim Kante","East Coast Non Golden Substitute"
"735","Andrzej Juskowiak","East Coast Non Golden Substitute"
"736","Jacob LeBlanc","East Coast Non Golden Substitute"
"737","Jose Galvan","East Coast Non Golden Substitute"
"738","Thiago Martins","East Coast Non Golden Substitute"
"739","Diego Walsh","East Coast Non Golden Substitute"
"740","Logan Pause","East Coast Non Golden Substitute"
"741","Joey DiGiamarino","East Coast Non Golden Substitute"
"742","Jose Cancela","East Coast Non Golden Substitute"
"743","Simon Elliott","East Coast Non Golden Substitute"
"744","Simo Valakari","East Coast Non Golden Substitute"
"745","Freddy Adu","East Coast Non Golden Substitute"
"746","Scott Buete","East Coast Non Golden Substitute"
"747","Felix Brillant","East Coast Non Golden Substitute"
"748","Cornell Glen","East Coast Non Golden Substitute"
"749","Toni Nhleko","East Coast Non Golden Substitute"
"750","Andy Dorman","East Coast Non Golden Substitute"
"751","Danny Szetela","East Coast Non Golden Substitute"
"752","David Testo","East Coast Non Golden Substitute"
"753","Gilberto Flores","East Coast Non Golden Substitute"
"754","Matt Taylor","East Coast Non Golden Substitute"
"755","Sergio Galvan Rey","East Coast Non Golden Substitute"
"756","Fabian Taylor","East Coast Non Golden Substitute"
"757","Clint Dempsey","East Coast Non Golden Substitute"
"758","Perek Belleh","East Coast Non Golden Substitute"
"759","Ty Maurin","East Coast Non Golden Substitute"
"760","Michael Bradley","East Coast Non Golden Substitute"
"761","Bobby Thompson","East Coast Non Golden Substitute"
"762","Tim Lawson","East Coast Non Golden Substitute"
"763","Luke Vercollone","East Coast Non Golden Substitute"
"764","Jamal Sutton","East Coast Non Golden Substitute"
"765","Chris Carrieri","East Coast Non Golden Substitute"
"766","Khari Stephenson","East Coast Non Golden Substitute"
"767","Sumed Ibrahim","East Coast Non Golden Substitute"
"768","Nana Kuffour","East Coast Non Golden Substitute"
"769","Ramon Nunez","East Coast Non Golden Substitute"
"770","Kevin Ara","East Coast Non Golden Substitute"
"771","Erick Scott","East Coast Non Golden Substitute"
"772","Justin Detter","East Coast Non Golden Substitute"
"773","Alexandre Boucicaut","East Coast Non Golden Substitute"
"774","Andy Herron","East Coast Non Golden Substitute"
"775","Christian Gomez","East Coast Non Golden Substitute"
"776","Youri Djorkaeff","East Coast Non Golden Substitute"
"777","Thiago","East Coast Non Golden Substitute"
"778","Chris Rolfe","East Coast Non Golden Substitute"
"779","Ivan Guerrero","East Coast Non Golden Substitute"
"780","Roberto Mina","East Coast Non Golden Substitute"
"781","Arturo Alvarez","East Coast Non Golden Substitute"
"782","Sasha Victorine","East Coast Non Golden Substitute"
"783","Richard Mulrooney","East Coast Non Golden Substitute"
"784","Lubos Reiter","East Coast Non Golden Substitute"
"785","Khano Smith","East Coast Non Golden Substitute"
"786","Carlos Ruiz","East Coast Non Golden Substitute"
"787","Scott Sealy","East Coast Non Golden Substitute"
"788","Antti Sumiala","East Coast Non Golden Substitute"
"789","Will John","East Coast Non Golden Substitute"
"790","Steve Guppy","East Coast Non Golden Substitute"
"791","Ryan Pore","East Coast Non Golden Substitute"
"792","Marcus Storey","East Coast Non Golden Substitute"
"793","Knox Cameron","East Coast Non Golden Substitute"
"794","Clyde Simms","East Coast Non Golden Substitute"
"795","Daniel Garipe","East Coast Non Golden Substitute"
"796","Chris Corcoran","East Coast Non Golden Substitute"
"797","Ramon Bailey","East Coast Non Golden Substitute"
"798","Luis Gallardo","East Coast Non Golden Substitute"
"799","John Pulido","East Coast Non Golden Substitute"
"800","Marcos Romaneiro","East Coast Non Golden Substitute"
"801","John Minagawa-Webster","East Coast Non Golden Substitute"
"802","Pat McGinnis","East Coast Non Golden Substitute"
"803","Douglas Lascody","East Coast Non Golden Substitute"
"804","Mario Torres","East Coast Non Golden Substitute"
"805","Nick Van Sicklen","East Coast Non Golden Substitute"
"806","DeMetrius White","East Coast Non Golden Substitute"
"807","Easton Wilson","East Coast Non Golden Substitute"
"808","Alex Woods","East Coast Non Golden Substitute"
"809","Jeff Larentowicz","East Coast Non Golden Substitute"
"810","Shawn Kuykendall","East Coast Non Golden Substitute"
"811","Jamie Holmes","East Coast Non Golden Substitute"
"812","Lucio Filomeno","East Coast Non Golden Substitute"
"813","Matt Nickell","East Coast Non Golden Substitute"
"814","Ricardo Phillips","East Coast Non Golden Substitute"
"815","Jermaine Hue","East Coast Non Golden Substitute"
"816","Cassio","East Coast Non Golden Substitute"
"817","Ryan Latham","East Coast Non Golden Substitute"
"818","Connally Edozien","East Coast Non Golden Substitute"
"819","John Thorrington","East Coast Non Golden Substitute"
"820","Domenic Mediate","East Coast Non Golden Substitute"
"821","Mark Wilson","East Coast Non Golden Substitute"
"822","Abe Thompson","East Coast Non Golden Substitute"
"823","Eric Vasquez","East Coast Non Golden Substitute"
"824","Mario Rodriguez","East Coast Non Golden Substitute"
"825","Sacha Kljestan","East Coast Non Golden Substitute"
"826","Alejandro Moreno","East Coast Non Golden Substitute"
"827","Dwayne De Rosario","East Coast Non Golden Substitute"
"828","Kenny Cooper","East Coast Non Golden Substitute"
"829","Dave van den Bergh","East Coast Non Golden Substitute"
"830","Jacob Thomas","East Coast Non Golden Substitute"
"831","Matt Groenwald","East Coast Non Golden Substitute"
"832","Joseph Ngwenya","East Coast Non Golden Substitute"
"833","Jason Garey","East Coast Non Golden Substitute"
"834","Brian Ching","East Coast Non Golden Substitute"
"835","Jerrod Laventure","East Coast Non Golden Substitute"
"836","Ryan Coiner","East Coast Non Golden Substitute"
"837","Kyle Brown","East Coast Non Golden Substitute"
"838","Paul Dalglish","East Coast Non Golden Substitute"
"839","Jamil Walker","East Coast Non Golden Substitute"
"840","Calen Carr","East Coast Non Golden Substitute"
"841","Brian Plotkin","East Coast Non Golden Substitute"
"842","Ned Grabavoy","East Coast Non Golden Substitute"
"843","Chad Barrett","East Coast Non Golden Substitute"
"844","Sebastian Rozental","East Coast Non Golden Substitute"
"845","Jose Retiz","East Coast Non Golden Substitute"
"846","Arsene Oka","East Coast Non Golden Substitute"
"847","Ryan McMahen","East Coast Non Golden Substitute"
"848","Miguel Gonzalez","East Coast Non Golden Substitute"
"849","Mpho Moloi","East Coast Non Golden Substitute"
"850","David Arvizu","East Coast Non Golden Substitute"
"851","Duke Hashimoto","East Coast Non Golden Substitute"
"852","Ivan Becerra","East Coast Non Golden Substitute"
"853","Dayton O'Brien","East Coast Non Golden Substitute"
"854","Adam Ruud","East Coast Non Golden Substitute"
"855","Alex Smith","East Coast Non Golden Substitute"
"856","Adam Williamson","East Coast Non Golden Substitute"
"857","Aaron Lanes","East Coast Non Golden Substitute"
"858","Andy Metcalf","East Coast Non Golden Substitute"
"859","Miguel Guante","East Coast Non Golden Substitute"
"860","Leandro de Oliveira","East Coast Non Golden Substitute"
"861","Justin Moose","East Coast Non Golden Substitute"
"862","Dax McCarty","East Coast Non Golden Substitute"
"863","Elie Ikangu","East Coast Non Golden Substitute"
"864","Sergei Raad","East Coast Non Golden Substitute"
"865","Robert Ssejjemba","East Coast Non Golden Substitute"
"866","Pascal Bedrossian","East Coast Non Golden Substitute"
"867","Blake Camp","East Coast Non Golden Substitute"
"868","Jani Galik","East Coast Non Golden Substitute"
"869","Jordan Cila","East Coast Non Golden Substitute"
"870","Julian Nash","East Coast Non Golden Substitute"
"871","Jose Manuel Abundis","East Coast Non Golden Substitute"
"872","Floyd Franks","East Coast Non Golden Substitute"
"873","Justin Moore","East Coast Non Golden Substitute"
"874","Ryan Johnson","East Coast Non Golden Substitute"
"875","Willie Sims","East Coast Non Golden Substitute"
"876","Yura Movsisyan","East Coast Non Golden Substitute"
"877","Peter Canero","East Coast Non Golden Substitute"
"878","Joe Vide","East Coast Non Golden Substitute"
"879","Rod Dyachenko","East Coast Non Golden Substitute"
"880","Jozy Altidore","East Coast Non Golden Substitute"
"881","Leonard Bisaku","East Coast Non Golden Substitute"
"882","Stuart Holden","East Coast Non Golden Substitute"
"883","Dominic Oduro","East Coast Non Golden Substitute"
"884","Matias Donnet","East Coast Non Golden Substitute"
"885","Ricardo Virtuoso","East Coast Non Golden Substitute"
"886","Marcelo Saragosa","East Coast Non Golden Substitute"
"887","Guillermo Barros Schelotto","East Coast Non Golden Substitute"
"888","Fred","East Coast Non Golden Substitute"
"889","Cuauhtemoc Blanco","East Coast Non Golden Substitute"
"890","Dane Richards","East Coast Non Golden Substitute"
"891","Carlos Marinelli","East Coast Non Golden Substitute"
"892","Juan Pablo Angel","East Coast Non Golden Substitute"
"893","Adam Cristman","East Coast Non Golden Substitute"
"894","Carl Robinson","East Coast Non Golden Substitute"
"895","Andy Welsh","East Coast Non Golden Substitute"
"896","Claudio Reyna","East Coast Non Golden Substitute"
"897","Nicholas Addlery","East Coast Non Golden Substitute"
"898","Guy-Roland Kpene","East Coast Non Golden Substitute"
"899","Stefani Miglioranzi","East Coast Non Golden Substitute"
"900","Kasali Yinka Casal","East Coast Non Golden Substitute"
"901","Sinisa Ubiparipovic","East Coast Non Golden Substitute"
"902","Ricardinho","East Coast Non Golden Substitute"
"903","Eloy Colombano","East Coast Non Golden Substitute"
"904","Willian Oliveira","East Coast Non Golden Substitute"
"905","Francis Doe","East Coast Non Golden Substitute"
"906","Andrea Lombardo","East Coast Non Golden Substitute"
"907","Danny Dichio","East Coast Non Golden Substitute"
"908","Maurice Edu","East Coast Non Golden Substitute"
"909","Juan Toja","East Coast Non Golden Substitute"
"910","Luciano Emilio","East Coast Non Golden Substitute"
"911","Abdus Ibrahim","East Coast Non Golden Substitute"
"912","Randi Patterson","East Coast Non Golden Substitute"
"913","David Guzman","East Coast Non Golden Substitute"
"914","Rich Asante","East Coast Non Golden Substitute"
"915","Tommy Krizanovic","East Coast Non Golden Substitute"
"916","Scott Jones","East Coast Non Golden Substitute"
"917","Mike Sambursky","East Coast Non Golden Substitute"
"918","John Michael Hayden","East Coast Non Golden Substitute"
"919","Erik Ustruck","East Coast Non Golden Substitute"
"920","Nick Hatzke","East Coast Non Golden Substitute"
"921","Chris Loftus","East Coast Non Golden Substitute"
"922","Ryan Solle","East Coast Non Golden Substitute"
"923","Edson Elcock","East Coast Non Golden Substitute"
"924","Michael Kraus","East Coast Non Golden Substitute"
"925","Willy Guadarrama","East Coast Non Golden Substitute"
"926","Kiki Willis","East Coast Non Golden Substitute"
"927","A.J. Godbolt","East Coast Non Golden Substitute"
"928","Aaron Chandler","East Coast Non Golden Substitute"
"929","Bryan Arguez","East Coast Non Golden Substitute"
"930","Brad North","East Coast Non Golden Substitute"
"931","Mira Mupier","East Coast Non Golden Substitute"
"932","Cristian Nunez","East Coast Non Golden Substitute"
"933","Sebastian Botero","East Coast Non Golden Substitute"
"934","Sandy Gbandi","East Coast Non Golden Substitute"
"935","A.J. Gray","East Coast Non Golden Substitute"
"936","Kenneth Hoerner","East Coast Non Golden Substitute"
"937","Chris Karcz","East Coast Non Golden Substitute"
"938","Chase Wileman","East Coast Non Golden Substitute"
"939","Amir Lowery","East Coast Non Golden Substitute"
"940","Sal Caccavale","East Coast Non Golden Substitute"
"941","Luis Tejada","East Coast Non Golden Substitute"
"942","Abbe Ibrahim","East Coast Non Golden Substitute"
"943","Sainey Nyassi","East Coast Non Golden Substitute"
"944","Bryan Byrne","East Coast Non Golden Substitute"
"945","Mike Banner","East Coast Non Golden Substitute"
"946","Adam Moffat","East Coast Non Golden Substitute"
"947","Joey Melo","East Coast Non Golden Substitute"
"948","Jerson Monteiro","East Coast Non Golden Substitute"
"949","Gary Flood","East Coast Non Golden Substitute"
"950","Bruno Menezes","East Coast Non Golden Substitute"
"951","Gabe Gala","East Coast Non Golden Substitute"
"952","Tyler Hemming","East Coast Non Golden Substitute"
"953","Denilson","East Coast Non Golden Substitute"
"954","Kurt Morsink","East Coast Non Golden Substitute"
"955","Paulo Wanchope","East Coast Non Golden Substitute"
"956","Collin Samuel","East Coast Non Golden Substitute"
"957","John Doyle","West Coast Assiting Defender"
"958","Troy Dayak","West Coast Assiting Defender"
"959","Arash Noamouz","West Coast Assiting Defender"
"960","Jose Vasquez","West Coast Assiting Defender"
"961","Marcelo Balboa","West Coast Assiting Defender"
"962","Mark Semioli","West Coast Assiting Defender"
"963","Michael Emenalo","West Coast Assiting Defender"
"964","Steve Trittschuh","West Coast Assiting Defender"
"965","Peter Vermes","West Coast Assiting Defender"
"966","Greg Vanney","West Coast Assiting Defender"
"967","Tim Martin","West Coast Assiting Defender"
"968","Matt Kmosko","West Coast Assiting Defender"
"969","Paul Caligiuri","West Coast Assiting Defender"
"970","Danny Pena","West Coast Assiting Defender"
"971","Ezra Hendrickson","West Coast Assiting Defender"
"972","Chris Martinez","West Coast Assiting Defender"
"973","Tahj Jakins","West Coast Assiting Defender"
"974","David Vaudreuil","West Coast Assiting Defender"
"975","Wade Barrett","West Coast Assiting Defender"
"976","Steve Jolley","West Coast Assiting Defender"
"977","Kevin Anderson","West Coast Assiting Defender"
"978","Matt McKeon","West Coast Assiting Defender"
"979","Mauricio Wright","West Coast Assiting Defender"
"980","Ian Russell","West Coast Assiting Defender"
"981","Jamie Clark","West Coast Assiting Defender"
"982","Jimmy Conrad","West Coast Assiting Defender"
"983","Alexi Lalas","West Coast Assiting Defender"
"984","Brian Mullan","West Coast Assiting Defender"
"985","Adam Frye","West Coast Assiting Defender"
"986","Robin Fraser","West Coast Assiting Defender"
"987","Jeff Agoos","West Coast Assiting Defender"
"988","Tyrone Marshall","West Coast Assiting Defender"
"989","Jeff Stewart","West Coast Assiting Defender"
"990","Ritchie Kotschau","West Coast Assiting Defender"
"991","Wes Hart","West Coast Assiting Defender"
"992","Todd Dunivant","West Coast Assiting Defender"
"993","Chris Albright","West Coast Assiting Defender"
"994","Craig Waibel","West Coast Assiting Defender"
"995","Danny Califf","West Coast Assiting Defender"
"996","Hong Myung Bo","West Coast Assiting Defender"
"997","Antonio de la Torre","West Coast Assiting Defender"
"998","Ricky Lewis","West Coast Assiting Defender"
"999","Eric Denton","West Coast Assiting Defender"
"1000","Orlando Perez","West Coast Assiting Defender"
"1001","Chad Marshall","West Coast Assiting Defender"
"1002","Dedi Ben Dayan","West Coast Assiting Defender"
"1003","Dan Gargan","West Coast Assiting Defender"
"1004","Robert Scarlett","West Coast Assiting Defender"
"1005","Carey Talley","West Coast Assiting Defender"
"1006","Jonathan Bornstein","West Coast Assiting Defender"
"1007","Alex Zotinca","West Coast Assiting Defender"
"1008","Chris Wingert","West Coast Assiting Defender"
"1009","Lawson Vaughn","West Coast Assiting Defender"
"1010","Facundo Erpen","West Coast Assiting Defender"
"1011","Curt Onalfo","West Coast Non Assiting Defender"
"1012","Manny Motajo","West Coast Non Assiting Defender"
"1013","Scott Cannon","West Coast Non Assiting Defender"
"1014","Greg Vanney","West Coast Non Assiting Defender"
"1015","Dan Calichman","West Coast Non Assiting Defender"
"1016","Denis Hamlett","West Coast Non Assiting Defender"
"1017","Rafael Amaya","West Coast Non Assiting Defender"
"1018","Tayt Ianni","West Coast Non Assiting Defender"
"1019","Troy Edwards","West Coast Non Assiting Defender"
"1020","Brad Wilson","West Coast Non Assiting Defender"
"1021","Ian Butterworth","West Coast Non Assiting Defender"
"1022","Oscar Draguicevich","West Coast Non Assiting Defender"
"1023","Robin Fraser","West Coast Non Assiting Defender"
"1024","Matt Kmosko","West Coast Non Assiting Defender"
"1025","Tim Martin","West Coast Non Assiting Defender"
"1026","Ezra Hendrickson","West Coast Non Assiting Defender"
"1027","Steve Jolley","West Coast Non Assiting Defender"
"1028","Tahj Jakins","West Coast Non Assiting Defender"
"1029","John Doyle","West Coast Non Assiting Defender"
"1030","Mark Semioli","West Coast Non Assiting Defender"
"1031","Steve Trittschuh","West Coast Non Assiting Defender"
"1032","Peter Lak","West Coast Non Assiting Defender"
"1033","Jose Vasquez","West Coast Non Assiting Defender"
"1034","Chris Martinez","West Coast Non Assiting Defender"
"1035","Troy Dayak","West Coast Non Assiting Defender"
"1036","Paul Caligiuri","West Coast Non Assiting Defender"
"1037","Richard Gough","West Coast Non Assiting Defender"
"1038","Ben Parry","West Coast Non Assiting Defender"
"1039","Andre Nunley","West Coast Non Assiting Defender"
"1040","Tyrone Marshall","West Coast Non Assiting Defender"
"1041","Vicente Figueroa","West Coast Non Assiting Defender"
"1042","Tim Weaver","West Coast Non Assiting Defender"
"1043","Adam Frye","West Coast Non Assiting Defender"
"1044","Joey Martinez","West Coast Non Assiting Defender"
"1045","Jimmy Conrad","West Coast Non Assiting Defender"
"1046","David Vaudreuil","West Coast Non Assiting Defender"
"1047","Gabe Eastman","West Coast Non Assiting Defender"
"1048","Jamie Clark","West Coast Non Assiting Defender"
"1049","Danny Califf","West Coast Non Assiting Defender"
"1050","Lance Key","West Coast Non Assiting Defender"
"1051","Ryan Tinsley","West Coast Non Assiting Defender"
"1052","Scott Vermillion","West Coast Non Assiting Defender"
"1053","Alijohn Utush","West Coast Non Assiting Defender"
"1054","Alan Woods","West Coast Non Assiting Defender"
"1055","Seth Trembly","West Coast Non Assiting Defender"
"1056","Craig Waibel","West Coast Non Assiting Defender"
"1057","Wade Barrett","West Coast Non Assiting Defender"
"1058","Wes Hart","West Coast Non Assiting Defender"
"1059","Keyeno Thomas","West Coast Non Assiting Defender"
"1060","Steve Shak","West Coast Non Assiting Defender"
"1061","Ritchie Kotschau","West Coast Non Assiting Defender"
"1062","John Carroll","West Coast Non Assiting Defender"
"1063","Geoff Aunger","West Coast Non Assiting Defender"
"1064","Eddie Robinson","West Coast Non Assiting Defender"
"1065","Danny Pena","West Coast Non Assiting Defender"
"1066","Stephen Herdsman","West Coast Non Assiting Defender"
"1067","Chris Dawes","West Coast Non Assiting Defender"
"1068","Chris Albright","West Coast Non Assiting Defender"
"1069","Rick Titus","West Coast Non Assiting Defender"
"1070","Danny Jackson","West Coast Non Assiting Defender"
"1071","Jeff Agoos","West Coast Non Assiting Defender"
"1072","Alexi Lalas","West Coast Non Assiting Defender"
"1073","Michael Piserchio","West Coast Non Assiting Defender"
"1074","Scot Thompson","West Coast Non Assiting Defender"
"1075","Billy Sleeth","West Coast Non Assiting Defender"
"1076","Gilles Grimandi","West Coast Non Assiting Defender"
"1077","Alberto Rizo","West Coast Non Assiting Defender"
"1078","Jeff Stewart","West Coast Non Assiting Defender"
"1079","Ricky Lewis","West Coast Non Assiting Defender"
"1080","Nat Borchers","West Coast Non Assiting Defender"
"1081","Ian Russell","West Coast Non Assiting Defender"
"1082","Ryan Cochrane","West Coast Non Assiting Defender"
"1083","Chad Marshall","West Coast Non Assiting Defender"
"1084","David de la Torre","West Coast Non Assiting Defender"
"1085","Adrian Cann","West Coast Non Assiting Defender"
"1086","Chris Aloisi","West Coast Non Assiting Defender"
"1087","Gary Sullivan","West Coast Non Assiting Defender"
"1088","Hong Myung Bo","West Coast Non Assiting Defender"
"1089","Todd Dunivant","West Coast Non Assiting Defender"
"1090","Ryan Suarez","West Coast Non Assiting Defender"
"1091","Kevin Goldthwaite","West Coast Non Assiting Defender"
"1092","Gustavo Cabrera","West Coast Non Assiting Defender"
"1093","Guy Melamed","West Coast Non Assiting Defender"
"1094","Rusty Pierce","West Coast Non Assiting Defender"
"1095","Hunter Freeman","West Coast Non Assiting Defender"
"1096","Ugo Ihemelu","West Coast Non Assiting Defender"
"1097","Hector Castro","West Coast Non Assiting Defender"
"1098","Victor Arbelaez","West Coast Non Assiting Defender"
"1099","Sergio Flores","West Coast Non Assiting Defender"
"1100","Stephen Keel","West Coast Non Assiting Defender"
"1101","Brett Rodriguez","West Coast Non Assiting Defender"
"1102","Michael Nsien","West Coast Non Assiting Defender"
"1103","James Twellman","West Coast Non Assiting Defender"
"1104","Benjamin Benditson","West Coast Non Assiting Defender"
"1105","Danilo Silva","West Coast Non Assiting Defender"
"1106","Michael Lookingland","West Coast Non Assiting Defender"
"1107","Evan Whitfield","West Coast Non Assiting Defender"
"1108","Kevin Novak","West Coast Non Assiting Defender"
"1109","Aaron Lopez","West Coast Non Assiting Defender"
"1110","Cameron Knowles","West Coast Non Assiting Defender"
"1111","Marlon Rojas","West Coast Non Assiting Defender"
"1112","Matt Behncke","West Coast Non Assiting Defender"
"1113","Michael Uma–a","West Coast Non Assiting Defender"
"1114","Troy Roberts","West Coast Non Assiting Defender"
"1115","Alfonso Loera","West Coast Non Assiting Defender"
"1116","Danny O'Rourke","West Coast Non Assiting Defender"
"1117","Esteban Arias","West Coast Non Assiting Defender"
"1118","Pablo Chinchilla","West Coast Non Assiting Defender"
"1119","Armando Begines","West Coast Non Assiting Defender"
"1120","Eddie Pope","West Coast Non Assiting Defender"
"1121","Nelson Akwari","West Coast Non Assiting Defender"
"1122","Brian Dunseth","West Coast Non Assiting Defender"
"1123","Mike Petke","West Coast Non Assiting Defender"
"1124","Carlos Llamosa","West Coast Non Assiting Defender"
"1125","Lawson Vaughn","West Coast Non Assiting Defender"
"1126","Atiba Harris","West Coast Non Assiting Defender"
"1127","Dan Gargan","West Coast Non Assiting Defender"
"1128","Claudio Suarez","West Coast Non Assiting Defender"
"1129","Willis Forko","West Coast Non Assiting Defender"
"1130","Aitor Karanka","West Coast Non Assiting Defender"
"1131","Jordan Harvey","West Coast Non Assiting Defender"
"1132","Mike Randolph","West Coast Non Assiting Defender"
"1133","Eder Robles","West Coast Non Assiting Defender"
"1134","Carlos Borja","West Coast Non Assiting Defender"
"1135","Johnny Garcia","West Coast Non Assiting Defender"
"1136","Chris Wingert","West Coast Non Assiting Defender"
"1137","Daniel Wasson","West Coast Non Assiting Defender"
"1138","Kyle Veris","West Coast Non Assiting Defender"
"1139","Ante Jazic","West Coast Non Assiting Defender"
"1140","Orlando Perez","West Coast Non Assiting Defender"
"1141","Daniel Torres","West Coast Non Assiting Defender"
"1142","Jason Hernandez","West Coast Non Assiting Defender"
"1143","Tim Regan","West Coast Non Assiting Defender"
"1144","Chris Lancos","West Coast Non Assiting Defender"
"1145","Abel Xavier","West Coast Non Assiting Defender"
"1146","Jack Stewart","West Coast Non Assiting Defender"
"1147","Jonathan Bornstein","West Coast Non Assiting Defender"
"1148","Carey Talley","West Coast Non Assiting Defender"
"1149","Desmond Brooks","West Coast Non Assiting Defender"
"1150","Bobby Burling","West Coast Non Assiting Defender"
"1151","Jorge Barrera","West Coast Non Assiting Defender"
"1152","Clifton Wilmes","West Coast Non Assiting Defender"
"1153","Jorge Villafa–a","West Coast Non Assiting Defender"
"1154","Dustin Kirby","West Coast Non Assiting Defender"
"1155","Kosuke Kimura","West Coast Non Assiting Defender"
"1156","Tony Sanneh","West Coast Non Assiting Defender"
"1157","Matias Mantilla","West Coast Non Assiting Defender"
"1158","Jean-Martial Kipre","West Coast Non Assiting Defender"
"1159","Brandon Prideaux","West Coast Non Assiting Defender"
"1160","Shavar Thomas","West Coast Non Assiting Defender"
"1161","Ty Harden","West Coast Non Assiting Defender"
"1162","Tony Sanneh","East Coast Assiting Defender"
"1163","Diego Sonora","East Coast Assiting Defender"
"1164","Ivan McKinley","East Coast Assiting Defender"
"1165","Steve Pittman","East Coast Assiting Defender"
"1166","Jeff Agoos","East Coast Assiting Defender"
"1167","John DeBrito","East Coast Assiting Defender"
"1168","Diego Gutierrez","East Coast Assiting Defender"
"1169","Peter Woodring","East Coast Assiting Defender"
"1170","Mario Gori","East Coast Assiting Defender"
"1171","Cle Kooiman","East Coast Assiting Defender"
"1172","Geoff Aunger","East Coast Assiting Defender"
"1173","Sean Bowers","East Coast Assiting Defender"
"1174","John Maessner","East Coast Assiting Defender"
"1175","Frankie Hejduk","East Coast Assiting Defender"
"1176","Ricardo Iribarren","East Coast Assiting Defender"
"1177","Paul Caligiuri","East Coast Assiting Defender"
"1178","Ryan Tinsley","East Coast Assiting Defender"
"1179","Arnold Cruz","East Coast Assiting Defender"
"1180","Uche Okafor","East Coast Assiting Defender"
"1181","Alexi Lalas","East Coast Assiting Defender"
"1182","Branco","East Coast Assiting Defender"
"1183","Sergio Miguez","East Coast Assiting Defender"
"1184","Adam Frye","East Coast Assiting Defender"
"1185","Mike Lapper","East Coast Assiting Defender"
"1186","David Vaudreuil","East Coast Assiting Defender"
"1187","Tom Soehn","East Coast Assiting Defender"
"1188","Brian Bliss","East Coast Assiting Defender"
"1189","Mike Clark","East Coast Assiting Defender"
"1190","Eddie Pope","East Coast Assiting Defender"
"1191","Ansil Elcock","East Coast Assiting Defender"
"1192","Lubos Kubik","East Coast Assiting Defender"
"1193","Chris Houser","East Coast Assiting Defender"
"1194","Scott Cannon","East Coast Assiting Defender"
"1195","Scott Vermillion","East Coast Assiting Defender"
"1196","Ted Chronopoulos","East Coast Assiting Defender"
"1197","Ritchie Kotschau","East Coast Assiting Defender"
"1198","Francis Okaroh","East Coast Assiting Defender"
"1199","Mike Duhaney","East Coast Assiting Defender"
"1200","Manny Motajo","East Coast Assiting Defender"
"1201","Scott Uderitz","East Coast Assiting Defender"
"1202","Carey Talley","East Coast Assiting Defender"
"1203","Thomas Dooley","East Coast Assiting Defender"
"1204","Richard Farrer","East Coast Assiting Defender"
"1205","Matt Kmosko","East Coast Assiting Defender"
"1206","Richard Goulooze","East Coast Assiting Defender"
"1207","Jorge Rodriguez","East Coast Assiting Defender"
"1208","Tyrone Marshall","East Coast Assiting Defender"
"1209","Tim Sahaydak","East Coast Assiting Defender"
"1210","Nansha Kalonji","East Coast Assiting Defender"
"1211","C.J. Brown","East Coast Assiting Defender"
"1212","Brandon Pollard","East Coast Assiting Defender"
"1213","Matt McKeon","East Coast Assiting Defender"
"1214","Evan Whitfield","East Coast Assiting Defender"
"1215","Jay Heaps","East Coast Assiting Defender"
"1216","Chad McCarty","East Coast Assiting Defender"
"1217","Lothar Matthaus","East Coast Assiting Defender"
"1218","Peter Vermes","East Coast Assiting Defender"
"1219","DaMarcus Beasley","East Coast Assiting Defender"
"1220","Eric Dade","East Coast Assiting Defender"
"1221","Bryan Namoff","East Coast Assiting Defender"
"1222","Eric Denton","East Coast Assiting Defender"
"1223","Craig Ziadie","East Coast Assiting Defender"
"1224","Ryan Suarez","East Coast Assiting Defender"
"1225","Tenywa Bonseu","East Coast Assiting Defender"
"1226","Steve Jolley","East Coast Assiting Defender"
"1227","Mark Watson","East Coast Assiting Defender"
"1228","Carlos Bocanegra","East Coast Assiting Defender"
"1229","Steve Trittschuh","East Coast Assiting Defender"
"1230","Ryan Nelsen","East Coast Assiting Defender"
"1231","Kelly Gray","East Coast Assiting Defender"
"1232","Duncan Oughton","East Coast Assiting Defender"
"1233","Milton Reyes","East Coast Assiting Defender"
"1234","Nick Garcia","East Coast Assiting Defender"
"1235","Brian Dunseth","East Coast Assiting Defender"
"1236","Jake Traeger","East Coast Assiting Defender"
"1237","Chris Gbandi","East Coast Assiting Defender"
"1238","Joshua Gros","East Coast Assiting Defender"
"1239","Chris Wingert","East Coast Assiting Defender"
"1240","Chris Leitch","East Coast Assiting Defender"
"1241","Jose Burciaga Jr.","East Coast Assiting Defender"
"1242","Tim Ward","East Coast Assiting Defender"
"1243","James Riley","East Coast Assiting Defender"
"1244","Jim Curtin","East Coast Assiting Defender"
"1245","John Wilson","East Coast Assiting Defender"
"1246","David Wagenfuhr","East Coast Assiting Defender"
"1247","Gonzalo Segares","East Coast Assiting Defender"
"1248","Jimmy Conrad","East Coast Assiting Defender"
"1249","Seth Stammler","East Coast Assiting Defender"
"1250","Brian Mullan","East Coast Assiting Defender"
"1251","Eddie Robinson","East Coast Assiting Defender"
"1252","Marvell Wynne","East Coast Assiting Defender"
"1253","Wade Barrett","East Coast Assiting Defender"
"1254","Tony Lochhead","East Coast Assiting Defender"
"1255","Danny O'Rourke","East Coast Assiting Defender"
"1256","Greg Vanney","East Coast Assiting Defender"
"1257","Facundo Erpen","East Coast Assiting Defender"
"1258","Michael Harrington","East Coast Assiting Defender"
"1259","Marc Burch","East Coast Assiting Defender"
"1260","Chris Pozniak","East Coast Assiting Defender"
"1261","Pablo Ricchetti","East Coast Assiting Defender"
"1262","Ryan Raybould","East Coast Assiting Defender"
"1263","Craig Waibel","East Coast Assiting Defender"
"1264","Bobby Boswell","East Coast Assiting Defender"
"1265","Adam Frye","East Coast Non Assiting Defender"
"1266","Matt McKeon","East Coast Non Assiting Defender"
"1267","David Vaudreuil","East Coast Non Assiting Defender"
"1268","Eddie Pope","East Coast Non Assiting Defender"
"1269","Samuel Ekeme","East Coast Non Assiting Defender"
"1270","Iain Fraser","East Coast Non Assiting Defender"
"1271","Scott Uderitz","East Coast Non Assiting Defender"
"1272","Alexi Lalas","East Coast Non Assiting Defender"
"1273","Mike Clark","East Coast Non Assiting Defender"
"1274","Rhett Harty","East Coast Non Assiting Defender"
"1275","Peter Vermes","East Coast Non Assiting Defender"
"1276","Greg Lalas","East Coast Non Assiting Defender"
"1277","Rene Ortiz","East Coast Non Assiting Defender"
"1278","Thor Lee","East Coast Non Assiting Defender"
"1279","Said Fazlagic","East Coast Non Assiting Defender"
"1280","Andrew Restrepo","East Coast Non Assiting Defender"
"1281","Tom Lips","East Coast Non Assiting Defender"
"1282","John Diffley","East Coast Non Assiting Defender"
"1283","Tommy Reasoner","East Coast Non Assiting Defender"
"1284","Richard Weiszmann","East Coast Non Assiting Defender"
"1285","Ted Gillen","East Coast Non Assiting Defender"
"1286","Brandon Pollard","East Coast Non Assiting Defender"
"1287","Ted Chronopoulos","East Coast Non Assiting Defender"
"1288","Cristian da Silva","East Coast Non Assiting Defender"
"1289","Ed Puskarich","East Coast Non Assiting Defender"
"1290","Mark Watson","East Coast Non Assiting Defender"
"1291","Brian Bliss","East Coast Non Assiting Defender"
"1292","Jeff Zaun","East Coast Non Assiting Defender"
"1293","Matt Knowles","East Coast Non Assiting Defender"
"1294","Clint Peay","East Coast Non Assiting Defender"
"1295","Francis Okaroh","East Coast Non Assiting Defender"
"1296","Nicola Caricola","East Coast Non Assiting Defender"
"1297","Frank Yallop","East Coast Non Assiting Defender"
"1298","Uche Okafor","East Coast Non Assiting Defender"
"1299","Richard Farrer","East Coast Non Assiting Defender"
"1300","Thomas Dooley","East Coast Non Assiting Defender"
"1301","Richard Gough","East Coast Non Assiting Defender"
"1302","Wade Webber","East Coast Non Assiting Defender"
"1303","Jorge Rodriguez","East Coast Non Assiting Defender"
"1304","Diego Gutierrez","East Coast Non Assiting Defender"
"1305","Dionysus Sebwe","East Coast Non Assiting Defender"
"1306","David Moxom","East Coast Non Assiting Defender"
"1307","Ubusuku Abukusumo","East Coast Non Assiting Defender"
"1308","Marco Rizi","East Coast Non Assiting Defender"
"1309","Brian Dunseth","East Coast Non Assiting Defender"
"1310","Joao Luiz","East Coast Non Assiting Defender"
"1311","Mario Gori","East Coast Non Assiting Defender"
"1312","John DeBrito","East Coast Non Assiting Defender"
"1313","Eric Dade","East Coast Non Assiting Defender"
"1314","Joey Martinez","East Coast Non Assiting Defender"
"1315","Carlos Llamosa","East Coast Non Assiting Defender"
"1316","Ansil Elcock","East Coast Non Assiting Defender"
"1317","Leonardo Squadrone","East Coast Non Assiting Defender"
"1318","Sean Bowers","East Coast Non Assiting Defender"
"1319","Steve Pittman","East Coast Non Assiting Defender"
"1320","Mike Duhaney","East Coast Non Assiting Defender"
"1321","John Maessner","East Coast Non Assiting Defender"
"1322","Frankie Hejduk","East Coast Non Assiting Defender"
"1323","Arley Palacios","East Coast Non Assiting Defender"
"1324","Mike Petke","East Coast Non Assiting Defender"
"1325","Ivan McKinley","East Coast Non Assiting Defender"
"1326","Jan Eriksson","East Coast Non Assiting Defender"
"1327","Kevin Coye","East Coast Non Assiting Defender"
"1328","Chuck Codd","East Coast Non Assiting Defender"
"1329","Zion Renfrum","East Coast Non Assiting Defender"
"1330","Michael Richardson","East Coast Non Assiting Defender"
"1331","Chris Brown","East Coast Non Assiting Defender"
"1332","Danny Care","East Coast Non Assiting Defender"
"1333","R.T. Moore","East Coast Non Assiting Defender"
"1334","Curt Onalfo","East Coast Non Assiting Defender"
"1335","Dahir Mohammed","East Coast Non Assiting Defender"
"1336","Chad McCarty","East Coast Non Assiting Defender"
"1337","Mike Lapper","East Coast Non Assiting Defender"
"1338","Mark Semioli","East Coast Non Assiting Defender"
"1339","Cle Kooiman","East Coast Non Assiting Defender"
"1340","Tom Soehn","East Coast Non Assiting Defender"
"1341","C.J. Brown","East Coast Non Assiting Defender"
"1342","Chris Albright","East Coast Non Assiting Defender"
"1343","Chris Houser","East Coast Non Assiting Defender"
"1344","Brandon Prideaux","East Coast Non Assiting Defender"
"1345","Mohammad Khakpour","East Coast Non Assiting Defender"
"1346","Jay Heaps","East Coast Non Assiting Defender"
"1347","Andrew Parrish","East Coast Non Assiting Defender"
"1348","John Rusek","East Coast Non Assiting Defender"
"1349","Ray Goodlett","East Coast Non Assiting Defender"
"1350","Michael Green","East Coast Non Assiting Defender"
"1351","Evan Whitfield","East Coast Non Assiting Defender"
"1352","Manny Motajo","East Coast Non Assiting Defender"
"1353","Chaka Daley","East Coast Non Assiting Defender"
"1354","Tony Soto","East Coast Non Assiting Defender"
"1355","Matt Chulis","East Coast Non Assiting Defender"
"1356","Joseph Addo","East Coast Non Assiting Defender"
"1357","Ryan Tinsley","East Coast Non Assiting Defender"
"1358","Kevin Knight","East Coast Non Assiting Defender"
"1359","Richard Goulooze","East Coast Non Assiting Defender"
"1360","Vicente Figueroa","East Coast Non Assiting Defender"
"1361","Jeremy Aldrich","East Coast Non Assiting Defender"
"1362","Dan Calichman","East Coast Non Assiting Defender"
"1363","Micah Cooks","East Coast Non Assiting Defender"
"1364","Eric Denton","East Coast Non Assiting Defender"
"1365","Steve Shak","East Coast Non Assiting Defender"
"1366","Carlos Bocanegra","East Coast Non Assiting Defender"
"1367","Mauricio Wright","East Coast Non Assiting Defender"
"1368","Carey Talley","East Coast Non Assiting Defender"
"1369","Steve Trittschuh","East Coast Non Assiting Defender"
"1370","Steve Bernal","East Coast Non Assiting Defender"
"1371","Tenywa Bonseu","East Coast Non Assiting Defender"
"1372","John Wilson","East Coast Non Assiting Defender"
"1373","Dominic Schell","East Coast Non Assiting Defender"
"1374","Chris Jahr","East Coast Non Assiting Defender"
"1375","Miroslaw Rzepa","East Coast Non Assiting Defender"
"1376","Orlando Perez","East Coast Non Assiting Defender"
"1377","Tim Sahaydak","East Coast Non Assiting Defender"
"1378","Adam Eyre","East Coast Non Assiting Defender"
"1379","Kevin Anderson","East Coast Non Assiting Defender"
"1380","Jim Curtin","East Coast Non Assiting Defender"
"1381","Duncan Oughton","East Coast Non Assiting Defender"
"1382","Craig Demmin","East Coast Non Assiting Defender"
"1383","Jeff Rigby","East Coast Non Assiting Defender"
"1384","Stephen Danbusky","East Coast Non Assiting Defender"
"1385","Fred DeGand","East Coast Non Assiting Defender"
"1386","Don Gramenz","East Coast Non Assiting Defender"
"1387","Chad Prince","East Coast Non Assiting Defender"
"1388","Randy Merkel","East Coast Non Assiting Defender"
"1389","Mersim Beskovic","East Coast Non Assiting Defender"
"1390","Fausto Klinger","East Coast Non Assiting Defender"
"1391","Josue Mayard","East Coast Non Assiting Defender"
"1392","Kevin Adams","East Coast Non Assiting Defender"
"1393","Jose Burciaga Jr.","East Coast Non Assiting Defender"
"1394","Nick Downing","East Coast Non Assiting Defender"
"1395","Diego Sonora","East Coast Non Assiting Defender"
"1396","Tahj Jakins","East Coast Non Assiting Defender"
"1397","Scott Cannon","East Coast Non Assiting Defender"
"1398","Alan Woods","East Coast Non Assiting Defender"
"1399","Rusty Pierce","East Coast Non Assiting Defender"
"1400","Nick Garcia","East Coast Non Assiting Defender"
"1401","Carlos Semedo","East Coast Non Assiting Defender"
"1402","Billy Sleeth","East Coast Non Assiting Defender"
"1403","Daniel Torres","East Coast Non Assiting Defender"
"1404","Steve Jolley","East Coast Non Assiting Defender"
"1405","Leo Krupnik","East Coast Non Assiting Defender"
"1406","Marcelo Balboa","East Coast Non Assiting Defender"
"1407","Lee Morrison","East Coast Non Assiting Defender"
"1408","Chris Brunt","East Coast Non Assiting Defender"
"1409","Matt Behncke","East Coast Non Assiting Defender"
"1410","Nelson Akwari","East Coast Non Assiting Defender"
"1411","Sam Forko","East Coast Non Assiting Defender"
"1412","Bryan Namoff","East Coast Non Assiting Defender"
"1413","Daouda Kante","East Coast Non Assiting Defender"
"1414","Chris Leitch","East Coast Non Assiting Defender"
"1415","Craig Ziadie","East Coast Non Assiting Defender"
"1416","Steve Morrow","East Coast Non Assiting Defender"
"1417","Kelly Gray","East Coast Non Assiting Defender"
"1418","Galin Ivanov","East Coast Non Assiting Defender"
"1419","Ezra Hendrickson","East Coast Non Assiting Defender"
"1420","Jimmy Conrad","East Coast Non Assiting Defender"
"1421","Tim Glowienka","East Coast Non Assiting Defender"
"1422","Kevin Friedland","East Coast Non Assiting Defender"
"1423","David Stokes","East Coast Non Assiting Defender"
"1424","Taylor Graham","East Coast Non Assiting Defender"
"1425","Mark Williams","East Coast Non Assiting Defender"
"1426","Kenny Arena","East Coast Non Assiting Defender"
"1427","Philip Salyer","East Coast Non Assiting Defender"
"1428","Tim Regan","East Coast Non Assiting Defender"
"1429","Juan Forchetti","East Coast Non Assiting Defender"
"1430","Edgar Bartolomeu","East Coast Non Assiting Defender"
"1431","Alex Zotinca","East Coast Non Assiting Defender"
"1432","Shavar Thomas","East Coast Non Assiting Defender"
"1433","Ryan Suarez","East Coast Non Assiting Defender"
"1434","Ryan Nelsen","East Coast Non Assiting Defender"
"1435","Tony Sanneh","East Coast Non Assiting Defender"
"1436","Chris Gbandi","East Coast Non Assiting Defender"
"1437","Cory Gibbs","East Coast Non Assiting Defender"
"1438","Jeff Parke","East Coast Non Assiting Defender"
"1439","David Wagenfuhr","East Coast Non Assiting Defender"
"1440","Brian Roberts","East Coast Non Assiting Defender"
"1441","Seth Stammler","East Coast Non Assiting Defender"
"1442","Jake Traeger","East Coast Non Assiting Defender"
"1443","G.R. Cannon","East Coast Non Assiting Defender"
"1444","Vuk Rasovic","East Coast Non Assiting Defender"
"1445","Steve Howey","East Coast Non Assiting Defender"
"1446","Clarence Goodson","East Coast Non Assiting Defender"
"1447","Leonard Griffin","East Coast Non Assiting Defender"
"1448","Denny Clanton","East Coast Non Assiting Defender"
"1449","Stephen Herdsman","East Coast Non Assiting Defender"
"1450","Pablo Brenes","East Coast Non Assiting Defender"
"1451","Milton Reyes","East Coast Non Assiting Defender"
"1452","Avery John","East Coast Non Assiting Defender"
"1453","Robin Fraser","East Coast Non Assiting Defender"
"1454","Samuel Caballero","East Coast Non Assiting Defender"
"1455","Aaron Pitchkolan","East Coast Non Assiting Defender"
"1456","Mark Schulte","East Coast Non Assiting Defender"
"1457","Greg Vanney","East Coast Non Assiting Defender"
"1458","Bobby Boswell","East Coast Non Assiting Defender"
"1459","Tony Lochhead","East Coast Non Assiting Defender"
"1460","Mamadou Diallo","East Coast Non Assiting Defender"
"1461","Daniel Dobson","East Coast Non Assiting Defender"
"1462","Hollis Donaldson","East Coast Non Assiting Defender"
"1463","Stephen deRoux","East Coast Non Assiting Defender"
"1464","Tim Merritt","East Coast Non Assiting Defender"
"1465","Jared Montz","East Coast Non Assiting Defender"
"1466","Winston Marshall","East Coast Non Assiting Defender"
"1467","Dustin Branan","East Coast Non Assiting Defender"
"1468","Ryan Raybould","East Coast Non Assiting Defender"
"1469","Alex Yi","East Coast Non Assiting Defender"
"1470","Will Johnson","East Coast Non Assiting Defender"
"1471","Jason Hernandez","East Coast Non Assiting Defender"
"1472","Ryan Kelly","East Coast Non Assiting Defender"
"1473","Jack Stewart","East Coast Non Assiting Defender"
"1474","Facundo Erpen","East Coast Non Assiting Defender"
"1475","Drew Moor","East Coast Non Assiting Defender"
"1476","Chris Wingert","East Coast Non Assiting Defender"
"1477","Carlos Mendes","East Coast Non Assiting Defender"
"1478","Jeff Agoos","East Coast Non Assiting Defender"
"1479","Michael Parkhurst","East Coast Non Assiting Defender"
"1480","Marc Burch","East Coast Non Assiting Defender"
"1481","Kevin Goldthwaite","East Coast Non Assiting Defender"
"1482","Gonzalo Segares","East Coast Non Assiting Defender"
"1483","Craig Waibel","East Coast Non Assiting Defender"
"1484","Jed Zayner","East Coast Non Assiting Defender"
"1485","Mike Chabala","East Coast Non Assiting Defender"
"1486","Michael Dello-Russo","East Coast Non Assiting Defender"
"1487","Blake Wagner","East Coast Non Assiting Defender"
"1488","Marcos Charras","East Coast Non Assiting Defender"
"1489","Chris Aloisi","East Coast Non Assiting Defender"
"1490","Jordan Russolillo","East Coast Non Assiting Defender"
"1491","Jeff Curtin","East Coast Non Assiting Defender"
"1492","Stephen Shirley","East Coast Non Assiting Defender"
"1493","Idris Ughiovhe","East Coast Non Assiting Defender"
"1494","Pat Haggerty","East Coast Non Assiting Defender"
"1495","Patrick Ianni","East Coast Non Assiting Defender"
"1496","Joel Kitamirike","East Coast Non Assiting Defender"
"1497","Danny Wynn","East Coast Non Assiting Defender"
"1498","Jeff Carroll","East Coast Non Assiting Defender"
"1499","Markus Schopp","East Coast Non Assiting Defender"
"1500","Devon McTavish","East Coast Non Assiting Defender"
"1501","Lance Watson","East Coast Non Assiting Defender"
"1502","Tim Ward","East Coast Non Assiting Defender"
"1503","Tyson Wahl","East Coast Non Assiting Defender"
"1504","Adrian Serioux","East Coast Non Assiting Defender"
"1505","Brandon Moss","East Coast Non Assiting Defender"
"1506","Marcos Gonzalez","East Coast Non Assiting Defender"
"1507","James Riley","East Coast Non Assiting Defender"
"1508","Dasan Robinson","East Coast Non Assiting Defender"
"1509","Ryan Cochrane","East Coast Non Assiting Defender"
"1510","Brad Evans","East Coast Non Assiting Defender"
"1511","Wilman Conde","East Coast Non Assiting Defender"
"1512","Robbie Rogers","East Coast Non Assiting Defender"
"1513","Hunter Freeman","East Coast Non Assiting Defender"
"1514","Andrew Boyens","East Coast Non Assiting Defender"
"1515","Joshua Gros","East Coast Non Assiting Defender"
"1516","Danny O'Rourke","East Coast Non Assiting Defender"
"1517","Daniel Woolard","East Coast Non Assiting Defender"
"1518","Erik Hort","East Coast Non Assiting Defender"
"1519","Andrew Daniels","East Coast Non Assiting Defender"
"1520","Hugh MacDonald","East Coast Non Assiting Defender"
"1521","Stephen Lumley","East Coast Non Assiting Defender"
"1522","Eric Ebert","East Coast Non Assiting Defender"
"1523","Amaechi Igwe","East Coast Non Assiting Defender"
"1524","Ben Hunter","East Coast Non Assiting Defender"
"1525","Kyle Helton","East Coast Non Assiting Defender"
"1526","Nana Attakora","East Coast Non Assiting Defender"
"1527","Andrei Pacheco","East Coast Non Assiting Defender"
"1528","Osei Telesford","East Coast Non Assiting Defender"
"1529","Abdoulie Mansally","East Coast Non Assiting Defender"
"1530","Ryan Junge","East Coast Non Assiting Defender"
"1531","Anthony Wallace","East Coast Non Assiting Defender"
"1532","Andrew Peterson","East Coast Non Assiting Defender"
"1533","Aaron Hohlbein","East Coast Non Assiting Defender"
"1534","Miguel Canizalez","East Coast Non Assiting Defender"
"1535","Marco Reda","East Coast Non Assiting Defender"
"1536","Adam Braz","East Coast Non Assiting Defender"
"1537","Bakary Soumare","East Coast Non Assiting Defender"
"1538","Wells Thompson","East Coast Non Assiting Defender"
"1539","Todd Dunivant","East Coast Non Assiting Defender"
"1540","Jim Brennan","East Coast Non Assiting Defender"
