player_John-Doyle_GP	1998
player_John-Doyle_GS	1998
player_John-Doyle_A	1998
player_John-Doyle_HmA	1998
player_John-Doyle_RdA	1998
player_John-Doyle_A.90min	1998
player_John-Doyle_GP	1999
player_John-Doyle_GS	1999
player_John-Doyle_A	1999
player_John-Doyle_HmA	1999
player_John-Doyle_A.90min	1999
player_John-Doyle_GP	2000
player_John-Doyle_GS	2000
player_John-Doyle_A	2000
player_John-Doyle_HmA	2000
player_John-Doyle_RdA	2000
player_John-Doyle_A.90min	2000
player_Troy-Dayak_GP	1997
player_Troy-Dayak_GS	1997
player_Troy-Dayak_A	1997
player_Troy-Dayak_GWA	1997
player_Troy-Dayak_HmA	1997
player_Troy-Dayak_A.90min	1997
player_Marcelo-Balboa_GP	1997
player_Marcelo-Balboa_GS	1997
player_Marcelo-Balboa_A	1997
player_Marcelo-Balboa_GWA	1997
player_Marcelo-Balboa_HmA	1997
player_Marcelo-Balboa_A.90min	1997
player_Marcelo-Balboa_GP	1998
player_Marcelo-Balboa_GS	1998
player_Marcelo-Balboa_A	1998
player_Marcelo-Balboa_GWA	1998
player_Marcelo-Balboa_HmA	1998
player_Marcelo-Balboa_RdA	1998
player_Marcelo-Balboa_A.90min	1998
player_Marcelo-Balboa_GP	1999
player_Marcelo-Balboa_GS	1999
player_Marcelo-Balboa_A	1999
player_Marcelo-Balboa_HmA	1999
player_Marcelo-Balboa_RdA	1999
player_Marcelo-Balboa_A.90min	1999
player_Marcelo-Balboa_GP	2000
player_Marcelo-Balboa_GS	2000
player_Marcelo-Balboa_A	2000
player_Marcelo-Balboa_HmA	2000
player_Marcelo-Balboa_RdA	2000
player_Marcelo-Balboa_A.90min	2000
player_Marcelo-Balboa_GP	2001
player_Marcelo-Balboa_GS	2001
player_Marcelo-Balboa_A	2001
player_Marcelo-Balboa_GWA	2001
player_Marcelo-Balboa_HmA	2001
player_Marcelo-Balboa_RdA	2001
player_Marcelo-Balboa_A.90min	2001
player_Michael-Emenalo_GP	1997
player_Michael-Emenalo_GS	1997
player_Michael-Emenalo_GWA	1997
player_Michael-Emenalo_A.90min	1997
player_Peter-Vermes_GP	1998
player_Peter-Vermes_GS	1998
player_Peter-Vermes_A	1998
player_Peter-Vermes_GWA	1998
player_Peter-Vermes_HmA	1998
player_Peter-Vermes_RdA	1998
player_Peter-Vermes_A.90min	1998
player_Peter-Vermes_GP	1999
player_Peter-Vermes_GS	1999
player_Peter-Vermes_A	1999
player_Peter-Vermes_HmA	1999
player_Peter-Vermes_RdA	1999
player_Peter-Vermes_A.90min	1999
player_Greg-Vanney_GP	1998
player_Greg-Vanney_GWA	1998
player_Greg-Vanney_GS	1999
player_Greg-Vanney_A	1999
player_Greg-Vanney_GWA	1999
player_Greg-Vanney_HmA	1999
player_Greg-Vanney_A.90min	1999
player_Greg-Vanney_GP	2000
player_Greg-Vanney_GS	2000
player_Greg-Vanney_A	2000
player_Greg-Vanney_GWA	2000
player_Greg-Vanney_HmA	2000
player_Greg-Vanney_A.90min	2000
player_Greg-Vanney_GP	2001
player_Greg-Vanney_GS	2001
player_Greg-Vanney_A	2001
player_Greg-Vanney_GWA	2001
player_Greg-Vanney_RdA	2001
player_Greg-Vanney_A.90min	2001
player_Paul-Caligiuri_GP	2000
player_Paul-Caligiuri_GS	2000
player_Paul-Caligiuri_A	2000
player_Paul-Caligiuri_GWA	2000
player_Paul-Caligiuri_HmA	2000
player_Paul-Caligiuri_RdA	2000
player_Paul-Caligiuri_A.90min	2000
player_Paul-Caligiuri_GP	2001
player_Paul-Caligiuri_GS	2001
player_Paul-Caligiuri_GWA	2001
player_Paul-Caligiuri_HmA	2001
player_Paul-Caligiuri_RdA	2001
player_Paul-Caligiuri_A.90min	2001
player_Danny-Pena_GP	1998
player_Danny-Pena_GS	1998
player_Danny-Pena_GWA	1998
player_Danny-Pena_HmA	1998
player_Danny-Pena_RdA	1998
player_Danny-Pena_A.90min	1998
player_Danny-Pena_GP	1999
player_Danny-Pena_GS	1999
player_Danny-Pena_A	1999
player_Danny-Pena_GWA	1999
player_Danny-Pena_HmA	1999
player_Danny-Pena_RdA	1999
player_Danny-Pena_A.90min	1999
player_Ezra-Hendrickson_GP	1999
player_Ezra-Hendrickson_GS	1999
player_Ezra-Hendrickson_A	1999
player_Ezra-Hendrickson_GWA	1999
player_Ezra-Hendrickson_HmA	1999
player_Ezra-Hendrickson_RdA	1999
player_Ezra-Hendrickson_A.90min	1999
player_Ezra-Hendrickson_GP	2000
player_Ezra-Hendrickson_GS	2000
player_Ezra-Hendrickson_GWA	2000
player_Ezra-Hendrickson_A.90min	2000
player_Ezra-Hendrickson_GP	2001
player_Ezra-Hendrickson_GS	2001
player_Ezra-Hendrickson_GWA	2001
player_Ezra-Hendrickson_A.90min	2001
player_Ezra-Hendrickson_A	2002
player_Ezra-Hendrickson_GWA	2002
player_Ezra-Hendrickson_HmA	2002
player_Ezra-Hendrickson_RdA	2002
player_Ezra-Hendrickson_A.90min	2002
player_Ezra-Hendrickson_Club	2006
player_Ezra-Hendrickson_GP	2006
player_Ezra-Hendrickson_GS	2006
player_Ezra-Hendrickson_A	2006
player_Ezra-Hendrickson_HmA	2006
player_Ezra-Hendrickson_RdA	2006
player_Ezra-Hendrickson_A.90min	2006
player_Chris-Martinez_GP	2000
player_Chris-Martinez_GS	2000
player_Chris-Martinez_A	2000
player_Chris-Martinez_GWA	2000
player_Chris-Martinez_HmA	2000
player_Chris-Martinez_RdA	2000
player_Chris-Martinez_A.90min	2000
player_David-Vaudreuil_GP	2000
player_David-Vaudreuil_GS	2000
player_David-Vaudreuil_A	2000
player_David-Vaudreuil_GWA	2000
player_David-Vaudreuil_HmA	2000
player_David-Vaudreuil_RdA	2000
player_David-Vaudreuil_A.90min	2000
player_Wade-Barrett_GP	1999
player_Wade-Barrett_GS	1999
player_Wade-Barrett_A	1999
player_Wade-Barrett_GWA	1999
player_Wade-Barrett_HmA	1999
player_Wade-Barrett_A.90min	1999
player_Wade-Barrett_GP	2001
player_Wade-Barrett_GS	2001
player_Wade-Barrett_A	2001
player_Wade-Barrett_GWA	2001
player_Wade-Barrett_HmA	2001
player_Wade-Barrett_RdA	2001
player_Wade-Barrett_A.90min	2001
player_Wade-Barrett_GP	2002
player_Wade-Barrett_GS	2002
player_Wade-Barrett_GWA	2002
player_Wade-Barrett_HmA	2002
player_Wade-Barrett_RdA	2002
player_Wade-Barrett_A.90min	2002
player_Wade-Barrett_GP	2005
player_Wade-Barrett_GS	2005
player_Wade-Barrett_A	2005
player_Wade-Barrett_GWA	2005
player_Wade-Barrett_HmA	2005
player_Wade-Barrett_RdA	2005
player_Wade-Barrett_A.90min	2005
player_Steve-Jolley_GS	2000
player_Steve-Jolley_GWA	2000
player_Steve-Jolley_A.90min	2000
player_Kevin-Anderson_GP	2000
player_Kevin-Anderson_GS	2000
player_Kevin-Anderson_GWA	2000
player_Kevin-Anderson_HmA	2000
player_Kevin-Anderson_RdA	2000
player_Ian-Russell_GP	2001
player_Ian-Russell_GS	2001
player_Ian-Russell_A	2001
player_Ian-Russell_GWA	2001
player_Ian-Russell_HmA	2001
player_Ian-Russell_RdA	2001
player_Ian-Russell_A.90min	2001
player_Ian-Russell_GP	2002
player_Ian-Russell_GS	2002
player_Ian-Russell_A	2002
player_Ian-Russell_GWA	2002
player_Ian-Russell_HmA	2002
player_Ian-Russell_RdA	2002
player_Ian-Russell_A.90min	2002
player_Ian-Russell_GP	2003
player_Ian-Russell_GS	2003
player_Ian-Russell_A	2003
player_Ian-Russell_GWA	2003
player_Ian-Russell_HmA	2003
player_Ian-Russell_RdA	2003
player_Ian-Russell_A.90min	2003
player_Jimmy-Conrad_GP	2002
player_Jimmy-Conrad_A	2002
player_Jimmy-Conrad_GWA	2002
player_Jimmy-Conrad_RdA	2002
player_Jimmy-Conrad_A.90min	2002
player_Alexi-Lalas_GP	2002
player_Alexi-Lalas_GS	2002
player_Alexi-Lalas_A	2002
player_Alexi-Lalas_GWA	2002
player_Alexi-Lalas_HmA	2002
player_Alexi-Lalas_RdA	2002
player_Alexi-Lalas_A.90min	2002
player_Brian-Mullan_GP	2002
player_Brian-Mullan_GS	2002
player_Brian-Mullan_HmA	2002
player_Brian-Mullan_RdA	2002
player_Brian-Mullan_A.90min	2002
player_Brian-Mullan_Club	2003
player_Brian-Mullan_GP	2003
player_Brian-Mullan_GS	2003
player_Brian-Mullan_A	2003
player_Brian-Mullan_GWA	2003
player_Brian-Mullan_RdA	2003
player_Brian-Mullan_A.90min	2003
player_Brian-Mullan_GP	2004
player_Brian-Mullan_GS	2004
player_Brian-Mullan_A	2004
player_Brian-Mullan_HmA	2004
player_Brian-Mullan_RdA	2004
player_Brian-Mullan_GP	2005
player_Brian-Mullan_GS	2005
player_Brian-Mullan_A	2005
player_Brian-Mullan_GWA	2005
player_Brian-Mullan_HmA	2005
player_Brian-Mullan_RdA	2005
player_Brian-Mullan_A.90min	2005
player_Jeff-Agoos_GP	2003
player_Jeff-Agoos_GS	2003
player_Jeff-Agoos_HmA	2003
player_Jeff-Agoos_RdA	2003
player_Jeff-Agoos_A.90min	2003
player_Jeff-Agoos_GP	2004
player_Jeff-Agoos_GS	2004
player_Jeff-Agoos_A	2004
player_Jeff-Agoos_HmA	2004
player_Jeff-Agoos_RdA	2004
player_Jeff-Agoos_A.90min	2004
player_Tyrone-Marshall_GP	2005
player_Tyrone-Marshall_GS	2005
player_Tyrone-Marshall_A	2005
player_Tyrone-Marshall_GWA	2005
player_Tyrone-Marshall_RdA	2005
player_Tyrone-Marshall_A.90min	2005
player_Ritchie-Kotschau_GP	2005
player_Ritchie-Kotschau_GS	2005
player_Ritchie-Kotschau_HmA	2005
player_Ritchie-Kotschau_RdA	2005
player_Ritchie-Kotschau_A.90min	2005
player_Wes-Hart_GP	2003
player_Wes-Hart_GS	2003
player_Wes-Hart_GWA	2003
player_Wes-Hart_HmA	2003
player_Wes-Hart_RdA	2003
player_Wes-Hart_A.90min	2003
player_Todd-Dunivant_Club	2005
player_Todd-Dunivant_GP	2005
player_Todd-Dunivant_GS	2005
player_Todd-Dunivant_A	2005
player_Todd-Dunivant_GWA	2005
player_Todd-Dunivant_HmA	2005
player_Todd-Dunivant_RdA	2005
player_Todd-Dunivant_A.90min	2005
player_Todd-Dunivant_GP	2006
player_Todd-Dunivant_GS	2006
player_Todd-Dunivant_GWA	2006
player_Todd-Dunivant_HmA	2006
player_Todd-Dunivant_RdA	2006
player_Todd-Dunivant_A.90min	2006
player_Chris-Albright_GP	2004
player_Chris-Albright_GS	2004
player_Chris-Albright_A	2004
player_Chris-Albright_RdA	2004
player_Chris-Albright_A.90min	2004
player_Chris-Albright_GP	2005
player_Chris-Albright_GS	2005
player_Chris-Albright_A	2005
player_Chris-Albright_RdA	2005
player_Chris-Albright_A.90min	2005
player_Chris-Albright_GP	2006
player_Chris-Albright_GS	2006
player_Chris-Albright_A	2006
player_Chris-Albright_HmA	2006
player_Chris-Albright_RdA	2006
player_Chris-Albright_A.90min	2006
player_Eric-Denton_GP	2006
player_Eric-Denton_GS	2006
player_Eric-Denton_A	2006
player_Eric-Denton_GWA	2006
player_Eric-Denton_HmA	2006
player_Eric-Denton_RdA	2006
player_Eric-Denton_A.90min	2006
player_Dedi-Ben-Dayan_GP	2006
player_Dedi-Ben-Dayan_GS	2006
player_Dedi-Ben-Dayan_GWA	2006
player_Dedi-Ben-Dayan_HmA	2006
player_Dedi-Ben-Dayan_RdA	2006
player_Dedi-Ben-Dayan_A.90min	2006
